call_id,caller_id,callee_id,timestamp,duration_sec
C00001,P001,P002,2026-06-27T23:15:48,534
C00002,P001,P002,2026-06-20T07:14:31,171
C00003,P001,P002,2026-06-12T05:52:54,567
C00004,P001,P002,2026-07-01T19:18:34,15
C00005,P001,P002,2026-06-20T11:48:07,515
C00006,P001,P018,2026-06-04T13:12:56,866
C00007,P001,P034,2026-06-08T02:06:32,261
C00008,P001,P034,2026-06-29T20:39:24,95
C00009,P001,P034,2026-06-03T17:41:39,850
C00010,P001,P034,2026-06-03T19:23:42,799
C00011,P001,P034,2026-06-05T04:40:28,690
C00012,P001,P013,2026-07-01T20:01:03,184
C00013,P001,P013,2026-06-09T19:12:43,636
C00014,P001,P013,2026-06-14T07:42:40,567
C00015,P001,P013,2026-06-25T07:19:25,745
C00016,P001,P013,2026-06-10T14:31:36,702
C00017,P001,P013,2026-06-21T13:35:44,463
C00018,P001,P013,2026-06-29T18:50:39,477
C00019,P001,P013,2026-06-04T09:01:33,245
C00020,P001,P008,2026-06-11T00:45:57,617
C00021,P001,P008,2026-06-18T08:22:41,617
C00022,P002,P001,2026-06-03T01:08:37,895
C00023,P002,P001,2026-06-11T02:34:47,541
C00024,P002,P001,2026-06-08T10:08:20,700
C00025,P002,P001,2026-06-16T07:48:00,567
C00026,P002,P006,2026-06-24T20:47:27,605
C00027,P002,P006,2026-06-16T08:50:50,818
C00028,P002,P006,2026-06-16T14:49:14,209
C00029,P002,P005,2026-06-04T23:59:34,456
C00030,P002,P005,2026-06-12T15:25:19,435
C00031,P003,P005,2026-06-07T19:31:32,474
C00032,P003,P005,2026-06-05T15:21:36,202
C00033,P003,P005,2026-06-09T16:50:37,270
C00034,P003,P005,2026-06-28T02:44:40,468
C00035,P003,P008,2026-06-02T23:44:37,568
C00036,P003,P008,2026-06-27T00:32:14,110
C00037,P003,P027,2026-06-06T14:47:49,512
C00038,P003,P027,2026-06-16T07:46:56,900
C00039,P003,P027,2026-06-13T02:08:05,183
C00040,P003,P027,2026-06-13T00:04:42,414
C00041,P003,P023,2026-06-30T16:33:58,307
C00042,P003,P023,2026-06-14T20:14:05,692
C00043,P003,P023,2026-06-23T17:43:08,173
C00044,P003,P023,2026-06-07T10:48:10,237
C00045,P003,P023,2026-07-01T02:07:45,608
C00046,P003,P017,2026-06-24T11:25:04,73
C00047,P004,P039,2026-06-02T18:29:22,97
C00048,P004,P039,2026-06-28T06:45:56,85
C00049,P004,P039,2026-06-20T02:28:27,706
C00050,P004,P032,2026-06-13T04:21:53,598
C00051,P004,P032,2026-06-08T21:04:40,623
C00052,P004,P032,2026-06-02T22:33:03,98
C00053,P004,P032,2026-06-14T23:56:03,612
C00054,P005,P035,2026-06-13T04:45:54,702
C00055,P005,P035,2026-06-21T10:55:21,483
C00056,P005,P035,2026-06-11T02:38:28,24
C00057,P005,P035,2026-06-15T22:36:56,591
C00058,P005,P035,2026-06-04T02:40:02,565
C00059,P005,P022,2026-06-17T09:39:20,150
C00060,P005,P022,2026-06-30T12:42:25,85
C00061,P005,P022,2026-06-29T08:53:38,393
C00062,P005,P022,2026-06-10T05:44:36,463
C00063,P005,P018,2026-06-20T23:48:37,556
C00064,P005,P018,2026-06-01T20:11:32,321
C00065,P005,P018,2026-06-30T03:46:17,152
C00066,P005,P018,2026-06-09T04:12:09,124
C00067,P005,P018,2026-06-24T20:08:32,174
C00068,P005,P015,2026-06-10T22:01:16,230
C00069,P005,P015,2026-06-23T12:29:02,223
C00070,P005,P015,2026-06-22T23:05:30,888
C00071,P005,P015,2026-06-09T18:24:04,515
C00072,P005,P015,2026-06-09T01:50:58,109
C00073,P005,P039,2026-06-27T10:04:25,60
C00074,P005,P039,2026-06-01T12:08:39,804
C00075,P005,P039,2026-06-05T23:11:47,283
C00076,P005,P039,2026-06-06T16:05:12,579
C00077,P005,P039,2026-06-23T15:34:17,589
C00078,P005,P039,2026-06-01T04:04:23,92
C00079,P005,P039,2026-07-01T05:25:36,573
C00080,P005,P017,2026-06-27T13:26:33,611
C00081,P006,P011,2026-06-29T13:01:38,230
C00082,P006,P029,2026-06-22T03:44:33,377
C00083,P006,P029,2026-06-25T20:23:05,431
C00084,P006,P029,2026-06-20T05:37:37,257
C00085,P006,P029,2026-06-28T05:54:59,834
C00086,P006,P010,2026-06-29T15:00:40,40
C00087,P006,P010,2026-06-06T12:05:40,816
C00088,P006,P010,2026-06-30T14:59:24,836
C00089,P006,P003,2026-06-09T05:47:46,821
C00090,P006,P003,2026-06-23T03:56:08,406
C00091,P006,P003,2026-06-28T01:24:35,894
C00092,P006,P003,2026-06-16T08:05:54,219
C00093,P006,P021,2026-06-12T11:06:41,855
C00094,P006,P021,2026-06-26T08:17:11,243
C00095,P006,P021,2026-06-01T07:01:53,423
C00096,P006,P021,2026-06-11T10:08:37,900
C00097,P006,P021,2026-06-03T10:09:45,374
C00098,P006,P021,2026-06-21T18:32:48,424
C00099,P006,P021,2026-06-22T19:31:22,354
C00100,P006,P021,2026-07-01T01:00:17,133
C00101,P006,P025,2026-06-06T21:08:19,286
C00102,P006,P025,2026-06-02T03:56:48,625
C00103,P006,P025,2026-06-14T12:35:09,761
C00104,P006,P025,2026-06-26T11:25:14,461
C00105,P006,P025,2026-06-20T18:37:13,133
C00106,P007,P038,2026-06-17T19:36:15,718
C00107,P007,P014,2026-06-12T15:42:11,86
C00108,P007,P014,2026-07-01T12:01:19,653
C00109,P007,P014,2026-06-11T04:32:14,752
C00110,P007,P014,2026-06-29T10:56:03,534
C00111,P007,P018,2026-06-22T14:52:08,349
C00112,P007,P018,2026-06-13T10:45:52,582
C00113,P007,P018,2026-06-05T06:59:04,445
C00114,P007,P018,2026-06-22T13:48:15,708
C00115,P007,P018,2026-06-24T06:20:10,645
C00116,P007,P003,2026-06-13T19:56:59,868
C00117,P007,P003,2026-06-01T11:03:49,308
C00118,P007,P003,2026-06-07T15:39:06,819
C00119,P007,P003,2026-06-19T22:05:16,685
C00120,P007,P003,2026-06-11T16:55:46,467
C00121,P007,P029,2026-06-22T07:46:50,538
C00122,P007,P029,2026-06-16T06:10:41,689
C00123,P007,P029,2026-06-03T10:19:56,542
C00124,P007,P029,2026-06-22T23:02:40,649
C00125,P007,P029,2026-06-11T03:24:00,853
C00126,P007,P029,2026-07-01T08:33:04,703
C00127,P007,P029,2026-06-10T08:10:44,840
C00128,P007,P029,2026-06-07T05:21:53,40
C00129,P008,P017,2026-06-15T15:05:21,659
C00130,P008,P017,2026-06-19T07:04:45,750
C00131,P008,P032,2026-06-16T14:33:03,264
C00132,P008,P032,2026-06-05T23:53:10,719
C00133,P008,P032,2026-06-01T03:52:50,812
C00134,P008,P032,2026-06-14T07:58:03,195
C00135,P008,P032,2026-06-26T18:51:29,490
C00136,P008,P032,2026-06-02T20:17:40,270
C00137,P008,P032,2026-06-30T04:25:06,482
C00138,P009,P031,2026-07-01T16:06:48,642
C00139,P009,P031,2026-06-27T18:22:42,451
C00140,P009,P031,2026-06-27T19:56:50,471
C00141,P009,P031,2026-06-29T05:47:41,776
C00142,P009,P031,2026-06-28T17:16:56,475
C00143,P009,P031,2026-06-09T09:00:06,875
C00144,P009,P035,2026-06-25T18:58:47,511
C00145,P009,P035,2026-06-21T08:42:38,296
C00146,P009,P035,2026-06-15T02:49:15,745
C00147,P009,P035,2026-06-10T08:32:15,293
C00148,P009,P035,2026-06-11T11:38:24,568
C00149,P009,P037,2026-06-05T05:29:29,251
C00150,P009,P037,2026-06-13T05:33:48,738
C00151,P010,P005,2026-06-14T02:16:01,226
C00152,P010,P005,2026-06-27T15:17:49,413
C00153,P010,P005,2026-06-29T21:15:56,727
C00154,P010,P005,2026-06-01T20:57:36,404
C00155,P010,P005,2026-06-16T00:12:52,375
C00156,P010,P005,2026-06-10T14:11:56,888
C00157,P010,P005,2026-06-29T15:15:21,566
C00158,P010,P005,2026-06-24T19:53:02,834
C00159,P010,P028,2026-06-16T07:59:20,294
C00160,P010,P028,2026-06-14T17:40:54,44
C00161,P010,P028,2026-06-13T12:14:17,699
C00162,P010,P028,2026-06-22T14:43:14,756
C00163,P010,P023,2026-06-27T17:01:01,145
C00164,P010,P023,2026-06-20T19:26:48,42
C00165,P010,P023,2026-06-30T14:20:45,621
C00166,P011,P002,2026-06-09T13:48:09,350
C00167,P011,P006,2026-06-15T11:54:00,360
C00168,P011,P006,2026-06-25T13:48:12,299
C00169,P011,P006,2026-06-25T15:20:55,273
C00170,P011,P006,2026-06-27T02:58:55,496
C00171,P011,P029,2026-06-24T19:38:22,68
C00172,P011,P009,2026-06-08T23:40:15,85
C00173,P011,P009,2026-06-25T23:43:46,56
C00174,P011,P009,2026-06-25T01:07:47,268
C00175,P011,P009,2026-06-07T00:44:31,651
C00176,P011,P009,2026-06-05T08:41:06,144
C00177,P011,P009,2026-06-16T04:09:53,592
C00178,P011,P031,2026-06-15T09:19:46,800
C00179,P011,P031,2026-06-12T06:06:32,635
C00180,P011,P031,2026-06-20T04:10:12,811
C00181,P011,P031,2026-06-27T05:57:45,333
C00182,P011,P013,2026-06-19T00:56:05,334
C00183,P011,P013,2026-06-19T13:39:52,421
C00184,P012,P005,2026-06-23T10:58:49,885
C00185,P012,P005,2026-06-22T21:51:37,839
C00186,P012,P039,2026-06-26T20:36:17,816
C00187,P012,P039,2026-06-02T12:38:28,560
C00188,P012,P017,2026-06-22T13:29:31,85
C00189,P012,P017,2026-06-17T23:34:34,364
C00190,P012,P017,2026-06-01T15:17:37,857
C00191,P012,P017,2026-06-16T03:50:33,458
C00192,P012,P017,2026-07-01T13:11:12,665
C00193,P012,P017,2026-06-29T16:44:18,739
C00194,P012,P017,2026-06-05T15:51:20,195
C00195,P013,P019,2026-06-28T08:56:17,865
C00196,P013,P019,2026-06-30T03:09:19,300
C00197,P013,P019,2026-06-29T16:24:47,264
C00198,P013,P019,2026-06-25T16:55:10,598
C00199,P013,P019,2026-06-20T13:47:54,359
C00200,P013,P019,2026-06-01T17:59:49,886
C00201,P013,P036,2026-06-06T17:45:04,232
C00202,P013,P036,2026-06-12T09:24:22,363
C00203,P013,P036,2026-06-09T21:42:19,733
C00204,P013,P036,2026-06-29T10:03:31,584
C00205,P013,P036,2026-06-01T18:48:35,210
C00206,P013,P036,2026-06-03T08:47:15,752
C00207,P013,P032,2026-06-16T20:12:48,791
C00208,P013,P032,2026-06-08T17:20:02,676
C00209,P013,P032,2026-06-23T17:52:12,473
C00210,P013,P032,2026-06-26T00:37:40,110
C00211,P013,P032,2026-06-10T08:04:05,429
C00212,P013,P032,2026-06-23T08:51:30,328
C00213,P013,P032,2026-06-22T21:10:25,392
C00214,P013,P031,2026-06-18T19:19:48,367
C00215,P013,P031,2026-06-14T20:02:20,353
C00216,P013,P031,2026-06-12T16:31:13,292
C00217,P013,P031,2026-06-10T09:09:11,251
C00218,P013,P031,2026-06-04T07:00:42,338
C00219,P013,P031,2026-06-04T19:30:36,795
C00220,P013,P031,2026-06-23T06:44:27,211
C00221,P013,P031,2026-06-07T17:37:44,298
C00222,P013,P029,2026-06-04T07:04:03,318
C00223,P013,P029,2026-06-08T13:08:21,198
C00224,P013,P029,2026-06-10T00:30:54,740
C00225,P013,P029,2026-06-18T04:36:31,295
C00226,P013,P029,2026-06-02T01:59:06,581
C00227,P013,P040,2026-06-23T04:35:51,668
C00228,P013,P040,2026-06-28T17:52:20,120
C00229,P013,P040,2026-06-28T00:26:47,602
C00230,P013,P040,2026-06-10T17:05:24,505
C00231,P013,P040,2026-06-15T12:24:17,203
C00232,P014,P018,2026-06-27T02:22:44,425
C00233,P014,P018,2026-06-16T02:41:50,605
C00234,P014,P032,2026-06-05T05:25:55,845
C00235,P015,P021,2026-06-15T16:07:08,319
C00236,P015,P021,2026-06-28T21:25:39,454
C00237,P015,P021,2026-06-10T20:42:11,650
C00238,P015,P021,2026-06-02T22:11:45,772
C00239,P015,P021,2026-06-04T07:33:55,655
C00240,P015,P021,2026-06-07T09:38:07,691
C00241,P015,P021,2026-06-03T05:43:05,260
C00242,P015,P006,2026-06-18T02:43:58,175
C00243,P015,P006,2026-06-01T14:52:25,476
C00244,P015,P006,2026-06-23T21:37:12,496
C00245,P015,P017,2026-06-02T08:25:40,310
C00246,P015,P017,2026-06-23T10:17:36,734
C00247,P015,P017,2026-06-28T16:31:50,87
C00248,P015,P017,2026-06-22T08:29:55,285
C00249,P015,P017,2026-06-26T22:45:27,618
C00250,P015,P008,2026-06-14T04:10:43,572
C00251,P015,P008,2026-06-08T23:34:46,167
C00252,P015,P008,2026-06-30T09:40:16,861
C00253,P015,P008,2026-06-05T02:35:59,76
C00254,P015,P028,2026-06-26T11:11:59,624
C00255,P015,P028,2026-06-24T20:43:27,310
C00256,P015,P028,2026-06-15T04:31:39,494
C00257,P015,P016,2026-06-23T14:39:17,293
C00258,P015,P016,2026-06-17T19:39:36,520
C00259,P015,P016,2026-06-15T02:55:43,627
C00260,P015,P016,2026-06-02T15:43:46,767
C00261,P015,P016,2026-06-11T21:58:49,271
C00262,P016,P006,2026-06-25T09:48:45,605
C00263,P016,P015,2026-06-25T06:22:42,496
C00264,P017,P030,2026-06-12T14:52:03,356
C00265,P017,P030,2026-06-11T03:48:30,893
C00266,P017,P030,2026-06-06T12:00:28,436
C00267,P017,P030,2026-06-23T18:02:22,310
C00268,P017,P030,2026-06-22T14:34:48,848
C00269,P017,P030,2026-06-25T20:01:42,52
C00270,P017,P030,2026-06-15T03:12:22,337
C00271,P017,P030,2026-06-09T11:46:12,133
C00272,P017,P019,2026-06-28T18:44:09,859
C00273,P017,P019,2026-06-01T23:56:40,570
C00274,P017,P019,2026-06-15T15:02:45,70
C00275,P017,P019,2026-06-07T18:52:32,385
C00276,P017,P019,2026-06-20T18:08:58,655
C00277,P017,P019,2026-06-15T01:52:44,223
C00278,P017,P019,2026-06-09T19:59:47,149
C00279,P017,P012,2026-06-15T17:38:52,139
C00280,P017,P012,2026-06-01T22:56:18,638
C00281,P017,P012,2026-06-26T08:42:45,741
C00282,P017,P012,2026-06-06T11:18:50,579
C00283,P017,P012,2026-06-01T20:06:24,432
C00284,P017,P029,2026-06-08T04:07:51,487
C00285,P017,P029,2026-07-01T04:16:36,678
C00286,P017,P033,2026-06-16T10:37:34,536
C00287,P017,P033,2026-06-23T09:57:18,440
C00288,P017,P033,2026-06-27T17:34:02,498
C00289,P017,P006,2026-06-15T20:04:15,163
C00290,P017,P006,2026-06-13T06:56:23,628
C00291,P017,P006,2026-06-17T04:58:12,899
C00292,P017,P006,2026-06-03T10:03:28,806
C00293,P018,P023,2026-06-27T21:22:11,608
C00294,P018,P023,2026-06-22T17:49:38,167
C00295,P018,P023,2026-06-15T19:36:32,510
C00296,P018,P023,2026-06-12T12:06:13,580
C00297,P018,P023,2026-06-25T19:47:08,401
C00298,P018,P034,2026-06-30T11:42:56,208
C00299,P018,P034,2026-06-23T08:41:40,600
C00300,P018,P034,2026-06-13T08:30:13,891
C00301,P018,P034,2026-06-25T14:57:21,59
C00302,P018,P034,2026-06-11T17:13:13,737
C00303,P018,P034,2026-06-30T13:52:48,410
C00304,P018,P034,2026-06-22T23:44:21,170
C00305,P018,P034,2026-06-16T01:20:52,144
C00306,P018,P019,2026-06-28T03:39:14,880
C00307,P018,P019,2026-06-15T03:37:49,553
C00308,P018,P019,2026-06-30T16:38:10,30
C00309,P018,P019,2026-06-24T05:14:54,434
C00310,P018,P019,2026-06-28T23:50:23,173
C00311,P018,P019,2026-06-03T17:05:37,815
C00312,P018,P001,2026-06-11T22:41:31,724
C00313,P018,P001,2026-06-13T23:39:35,97
C00314,P018,P001,2026-06-28T11:57:45,887
C00315,P018,P001,2026-06-22T19:25:42,404
C00316,P018,P001,2026-07-01T11:31:45,656
C00317,P018,P020,2026-06-28T19:41:52,51
C00318,P018,P020,2026-06-20T02:29:28,255
C00319,P018,P020,2026-06-21T10:27:47,247
C00320,P018,P020,2026-06-24T03:17:26,459
C00321,P018,P020,2026-06-04T23:04:26,735
C00322,P018,P020,2026-06-28T03:39:33,469
C00323,P018,P020,2026-06-06T10:54:11,44
C00324,P018,P020,2026-06-02T11:48:36,830
C00325,P019,P020,2026-06-14T05:18:00,265
C00326,P019,P020,2026-06-17T15:00:08,594
C00327,P019,P020,2026-06-22T06:33:20,189
C00328,P019,P020,2026-06-06T02:52:30,639
C00329,P019,P020,2026-06-28T13:55:40,649
C00330,P019,P020,2026-06-22T08:46:06,524
C00331,P019,P024,2026-06-08T16:47:23,668
C00332,P019,P024,2026-06-09T16:43:56,276
C00333,P019,P024,2026-06-22T00:20:31,838
C00334,P020,P019,2026-06-19T10:53:30,669
C00335,P020,P019,2026-07-01T15:26:55,721
C00336,P020,P019,2026-06-09T16:37:58,880
C00337,P020,P019,2026-06-10T07:15:11,408
C00338,P020,P019,2026-06-28T17:35:35,124
C00339,P020,P019,2026-06-08T13:53:06,600
C00340,P020,P036,2026-06-19T10:46:20,731
C00341,P020,P036,2026-06-10T00:47:55,864
C00342,P020,P036,2026-06-22T14:24:39,296
C00343,P020,P036,2026-06-01T20:36:17,900
C00344,P020,P036,2026-06-22T01:47:08,635
C00345,P020,P036,2026-06-24T18:05:07,867
C00346,P020,P011,2026-06-25T08:22:42,636
C00347,P020,P011,2026-06-26T12:49:39,239
C00348,P020,P011,2026-06-21T06:55:20,650
C00349,P020,P011,2026-06-09T04:58:47,658
C00350,P020,P011,2026-06-04T22:50:42,676
C00351,P020,P005,2026-06-10T16:02:59,49
C00352,P020,P030,2026-06-24T04:47:04,107
C00353,P020,P030,2026-06-30T10:44:40,349
C00354,P020,P030,2026-06-24T15:07:40,194
C00355,P020,P030,2026-06-07T04:48:42,820
C00356,P020,P030,2026-06-18T13:19:13,558
C00357,P020,P030,2026-06-17T09:55:20,865
C00358,P021,P017,2026-06-26T04:11:35,494
C00359,P021,P017,2026-07-01T02:44:29,159
C00360,P021,P017,2026-06-25T08:12:51,895
C00361,P021,P017,2026-06-22T14:28:09,881
C00362,P021,P017,2026-06-26T20:17:28,389
C00363,P021,P017,2026-06-03T14:21:57,29
C00364,P021,P032,2026-06-18T04:29:59,480
C00365,P021,P032,2026-06-12T09:32:42,613
C00366,P021,P032,2026-06-13T23:14:55,395
C00367,P021,P032,2026-06-04T08:30:47,497
C00368,P021,P032,2026-06-01T22:33:25,589
C00369,P021,P019,2026-06-30T22:12:44,241
C00370,P021,P019,2026-06-21T02:18:05,665
C00371,P021,P019,2026-06-27T16:54:12,732
C00372,P021,P019,2026-06-10T23:38:17,433
C00373,P021,P019,2026-06-04T05:05:20,61
C00374,P021,P019,2026-07-01T01:21:17,326
C00375,P022,P008,2026-06-15T13:30:29,701
C00376,P022,P008,2026-07-01T19:40:04,444
C00377,P022,P008,2026-06-19T05:37:33,439
C00378,P022,P008,2026-06-21T03:36:18,868
C00379,P022,P008,2026-06-16T22:24:54,432
C00380,P022,P008,2026-07-01T10:11:06,48
C00381,P022,P008,2026-06-23T13:29:26,237
C00382,P022,P007,2026-06-15T08:35:47,890
C00383,P022,P007,2026-06-12T03:37:02,717
C00384,P022,P007,2026-06-12T19:49:24,675
C00385,P022,P007,2026-06-12T02:12:16,422
C00386,P022,P007,2026-06-09T06:54:38,140
C00387,P022,P007,2026-07-01T16:33:20,108
C00388,P022,P007,2026-06-22T07:43:21,672
C00389,P022,P007,2026-06-21T21:44:29,36
C00390,P022,P016,2026-06-26T12:08:33,264
C00391,P022,P036,2026-06-26T20:33:20,225
C00392,P022,P036,2026-06-03T20:10:41,227
C00393,P022,P036,2026-06-19T07:51:45,847
C00394,P022,P009,2026-06-11T05:22:20,822
C00395,P022,P009,2026-06-29T21:41:56,17
C00396,P022,P009,2026-06-09T05:16:04,148
C00397,P022,P009,2026-06-18T09:07:33,832
C00398,P023,P008,2026-06-12T08:39:46,617
C00399,P023,P002,2026-06-01T06:20:38,286
C00400,P023,P002,2026-06-02T04:36:54,774
C00401,P023,P002,2026-06-14T19:09:15,131
C00402,P023,P002,2026-06-24T02:18:50,502
C00403,P023,P002,2026-06-15T13:10:53,540
C00404,P023,P002,2026-06-19T03:58:13,477
C00405,P023,P009,2026-07-01T22:23:43,59
C00406,P023,P009,2026-06-24T23:59:23,548
C00407,P023,P009,2026-06-10T16:40:36,673
C00408,P023,P009,2026-07-01T01:08:02,77
C00409,P024,P027,2026-06-29T02:56:29,344
C00410,P024,P027,2026-06-20T05:24:02,82
C00411,P024,P029,2026-06-09T22:43:50,663
C00412,P024,P029,2026-06-19T19:57:54,744
C00413,P024,P029,2026-06-11T13:52:05,626
C00414,P024,P007,2026-06-15T18:24:23,634
C00415,P024,P007,2026-06-14T03:36:39,827
C00416,P024,P007,2026-06-23T04:09:56,888
C00417,P024,P007,2026-06-21T23:41:56,802
C00418,P024,P007,2026-06-18T07:49:43,455
C00419,P024,P033,2026-06-29T08:19:09,438
C00420,P024,P033,2026-06-11T16:30:41,423
C00421,P024,P033,2026-06-14T03:27:43,335
C00422,P024,P033,2026-06-14T11:22:43,696
C00423,P024,P033,2026-06-09T13:37:40,171
C00424,P024,P033,2026-06-22T17:16:03,83
C00425,P024,P033,2026-06-03T03:06:28,110
C00426,P024,P033,2026-06-14T03:30:56,777
C00427,P024,P030,2026-06-26T04:44:14,584
C00428,P024,P030,2026-06-02T21:21:09,590
C00429,P024,P030,2026-06-18T12:00:07,701
C00430,P024,P030,2026-06-04T14:57:25,377
C00431,P024,P030,2026-06-28T15:23:55,753
C00432,P024,P030,2026-06-02T10:28:20,629
C00433,P025,P023,2026-06-05T23:54:39,508
C00434,P025,P023,2026-06-08T03:56:24,373
C00435,P025,P023,2026-06-28T20:15:10,391
C00436,P025,P023,2026-06-04T10:08:32,602
C00437,P025,P007,2026-06-26T15:37:24,880
C00438,P025,P007,2026-06-18T22:38:10,643
C00439,P025,P007,2026-06-22T23:23:59,585
C00440,P025,P007,2026-06-01T22:10:22,688
C00441,P025,P038,2026-06-01T06:34:07,294
C00442,P025,P038,2026-06-23T11:14:59,362
C00443,P025,P038,2026-06-12T00:13:20,200
C00444,P025,P038,2026-06-28T05:12:56,594
C00445,P025,P038,2026-06-22T14:35:31,86
C00446,P025,P034,2026-06-24T23:03:11,46
C00447,P025,P034,2026-06-03T19:18:51,235
C00448,P025,P034,2026-06-13T15:17:08,479
C00449,P026,P011,2026-06-29T01:54:55,174
C00450,P026,P011,2026-06-06T22:29:41,65
C00451,P026,P024,2026-06-09T16:07:59,692
C00452,P026,P024,2026-06-14T17:40:56,636
C00453,P026,P020,2026-06-14T09:56:44,235
C00454,P026,P020,2026-06-25T18:39:14,131
C00455,P026,P020,2026-06-12T15:39:09,128
C00456,P026,P020,2026-06-10T21:35:43,513
C00457,P026,P020,2026-06-17T11:13:45,61
C00458,P026,P020,2026-06-08T14:23:27,628
C00459,P026,P020,2026-06-02T00:16:47,224
C00460,P026,P020,2026-06-10T07:41:26,800
C00461,P026,P021,2026-06-25T09:18:11,311
C00462,P026,P021,2026-06-11T04:22:06,22
C00463,P026,P021,2026-06-16T15:40:46,194
C00464,P027,P025,2026-06-03T14:27:24,897
C00465,P027,P025,2026-06-24T01:32:24,461
C00466,P027,P025,2026-06-01T16:44:20,94
C00467,P027,P025,2026-06-28T11:23:53,604
C00468,P027,P025,2026-06-14T20:52:36,429
C00469,P027,P025,2026-06-23T23:18:24,442
C00470,P027,P036,2026-06-04T14:44:48,36
C00471,P027,P036,2026-07-01T11:49:28,190
C00472,P027,P036,2026-06-26T22:30:18,486
C00473,P027,P036,2026-06-27T13:10:28,105
C00474,P027,P036,2026-06-14T03:51:15,264
C00475,P027,P015,2026-06-19T14:34:47,551
C00476,P027,P015,2026-06-03T14:24:33,332
C00477,P027,P015,2026-06-24T12:21:40,241
C00478,P027,P015,2026-06-11T06:07:17,93
C00479,P027,P015,2026-06-17T23:03:18,131
C00480,P027,P015,2026-06-17T18:34:00,213
C00481,P027,P015,2026-06-29T12:43:13,374
C00482,P028,P016,2026-06-07T06:19:00,631
C00483,P028,P016,2026-06-05T23:51:58,92
C00484,P028,P016,2026-06-06T22:51:46,520
C00485,P028,P016,2026-06-15T20:31:29,793
C00486,P028,P016,2026-06-19T16:20:38,712
C00487,P028,P007,2026-06-28T22:50:10,338
C00488,P028,P007,2026-06-05T16:00:40,84
C00489,P028,P007,2026-06-16T16:06:01,661
C00490,P028,P007,2026-06-10T10:00:02,620
C00491,P028,P007,2026-06-02T12:48:49,534
C00492,P028,P007,2026-06-03T11:18:05,487
C00493,P028,P010,2026-06-02T02:04:16,392
C00494,P028,P010,2026-06-27T10:27:07,93
C00495,P028,P010,2026-06-21T03:17:15,644
C00496,P028,P010,2026-06-20T18:27:42,408
C00497,P028,P010,2026-06-15T21:07:44,582
C00498,P028,P010,2026-07-01T01:29:36,475
C00499,P028,P010,2026-06-30T20:48:48,682
C00500,P028,P010,2026-06-07T11:42:23,634
C00501,P029,P034,2026-06-23T03:04:13,531
C00502,P029,P034,2026-06-21T06:16:57,55
C00503,P029,P034,2026-06-08T15:56:17,464
C00504,P029,P034,2026-06-17T19:01:57,639
C00505,P029,P034,2026-06-06T13:14:56,396
C00506,P029,P034,2026-06-30T10:17:59,411
C00507,P029,P010,2026-06-25T12:19:10,710
C00508,P029,P010,2026-06-20T01:54:23,823
C00509,P029,P010,2026-06-21T23:34:03,357
C00510,P029,P010,2026-06-03T12:00:13,111
C00511,P029,P010,2026-06-18T14:04:27,305
C00512,P029,P010,2026-06-09T23:54:17,632
C00513,P029,P010,2026-06-28T05:28:29,356
C00514,P029,P004,2026-06-19T05:08:57,373
C00515,P029,P004,2026-06-10T23:53:10,730
C00516,P029,P030,2026-06-05T21:39:53,740
C00517,P029,P030,2026-07-01T03:05:04,332
C00518,P029,P030,2026-06-18T13:42:52,673
C00519,P029,P030,2026-06-26T11:57:34,847
C00520,P029,P030,2026-06-05T19:09:55,110
C00521,P029,P030,2026-06-21T15:24:56,535
C00522,P029,P030,2026-06-12T00:39:49,386
C00523,P029,P007,2026-06-06T07:47:54,364
C00524,P029,P007,2026-07-01T17:42:16,211
C00525,P029,P007,2026-06-08T05:00:30,173
C00526,P029,P007,2026-06-03T10:46:10,879
C00527,P029,P007,2026-06-26T03:40:56,534
C00528,P030,P035,2026-06-06T22:44:45,843
C00529,P030,P035,2026-06-29T06:01:37,753
C00530,P030,P035,2026-06-15T01:35:26,435
C00531,P030,P003,2026-06-22T08:38:53,469
C00532,P030,P003,2026-06-20T10:22:26,785
C00533,P030,P003,2026-06-24T16:20:41,254
C00534,P030,P003,2026-06-18T08:42:28,331
C00535,P030,P003,2026-07-01T17:04:34,870
C00536,P030,P003,2026-06-07T13:23:33,709
C00537,P030,P022,2026-06-15T10:15:32,811
C00538,P030,P022,2026-06-13T18:18:36,555
C00539,P030,P022,2026-06-14T05:54:01,851
C00540,P030,P022,2026-06-07T22:00:54,156
C00541,P030,P022,2026-06-28T09:06:08,68
C00542,P030,P022,2026-06-21T17:29:51,395
C00543,P030,P022,2026-06-18T03:44:06,743
C00544,P030,P022,2026-06-28T18:47:01,886
C00545,P030,P009,2026-06-10T03:03:13,796
C00546,P030,P009,2026-06-06T09:55:55,475
C00547,P030,P025,2026-06-27T15:55:40,108
C00548,P030,P025,2026-07-01T08:05:02,851
C00549,P030,P025,2026-06-15T12:43:40,42
C00550,P030,P010,2026-06-02T14:26:04,529
C00551,P030,P010,2026-06-12T08:35:03,410
C00552,P030,P010,2026-06-03T13:39:00,244
C00553,P030,P010,2026-06-01T11:36:10,116
C00554,P030,P010,2026-06-27T23:39:51,358
C00555,P030,P010,2026-06-26T05:19:02,155
C00556,P030,P010,2026-06-02T10:26:41,864
C00557,P031,P009,2026-06-09T07:51:06,870
C00558,P031,P032,2026-06-18T22:10:07,555
C00559,P031,P032,2026-06-14T04:02:53,809
C00560,P031,P032,2026-06-10T08:39:07,323
C00561,P031,P029,2026-06-02T08:40:52,444
C00562,P031,P029,2026-06-21T22:40:33,483
C00563,P031,P001,2026-06-04T18:11:53,626
C00564,P031,P001,2026-06-18T00:35:54,662
C00565,P031,P006,2026-06-23T05:13:38,313
C00566,P031,P006,2026-06-14T00:03:25,644
C00567,P031,P006,2026-06-12T08:45:31,599
C00568,P031,P006,2026-06-14T06:49:11,695
C00569,P032,P035,2026-07-01T19:09:11,572
C00570,P032,P035,2026-06-17T18:28:55,582
C00571,P032,P024,2026-06-13T17:07:01,59
C00572,P033,P024,2026-06-08T23:55:27,658
C00573,P033,P024,2026-06-04T21:11:11,767
C00574,P033,P024,2026-06-25T12:06:23,151
C00575,P033,P024,2026-06-02T12:49:36,574
C00576,P033,P024,2026-06-11T23:24:12,194
C00577,P033,P024,2026-06-27T16:54:59,727
C00578,P033,P017,2026-06-21T06:38:11,845
C00579,P033,P017,2026-06-05T02:17:50,748
C00580,P033,P017,2026-06-25T16:39:48,52
C00581,P033,P017,2026-06-10T07:20:22,59
C00582,P033,P017,2026-06-26T07:15:44,57
C00583,P033,P017,2026-06-11T11:17:22,542
C00584,P033,P017,2026-06-13T19:46:16,499
C00585,P033,P017,2026-06-09T01:19:59,786
C00586,P033,P002,2026-06-10T12:59:49,897
C00587,P033,P002,2026-06-25T01:44:25,686
C00588,P033,P002,2026-06-11T09:56:51,142
C00589,P033,P002,2026-06-26T13:23:57,462
C00590,P033,P023,2026-06-24T16:00:37,410
C00591,P033,P023,2026-06-11T06:48:06,523
C00592,P033,P023,2026-06-23T18:06:51,391
C00593,P033,P023,2026-06-30T18:54:22,288
C00594,P033,P023,2026-06-26T03:00:28,759
C00595,P033,P023,2026-06-14T02:52:25,455
C00596,P033,P023,2026-06-20T06:34:12,573
C00597,P033,P005,2026-06-11T03:44:07,96
C00598,P033,P005,2026-06-11T10:45:50,328
C00599,P033,P005,2026-06-15T21:56:26,749
C00600,P033,P005,2026-06-14T06:04:02,721
C00601,P033,P005,2026-06-15T12:47:57,472
C00602,P034,P023,2026-06-21T02:05:18,91
C00603,P034,P023,2026-06-22T23:12:40,430
C00604,P034,P023,2026-06-12T18:40:51,835
C00605,P034,P023,2026-06-24T05:49:29,46
C00606,P034,P023,2026-06-05T22:07:15,709
C00607,P034,P028,2026-06-02T04:35:45,83
C00608,P034,P028,2026-06-08T23:29:22,390
C00609,P034,P028,2026-06-12T13:56:21,595
C00610,P034,P028,2026-06-02T22:01:50,172
C00611,P034,P028,2026-06-22T16:22:52,394
C00612,P034,P028,2026-06-12T16:09:48,796
C00613,P034,P028,2026-06-03T20:53:45,155
C00614,P034,P028,2026-06-17T13:21:36,422
C00615,P035,P018,2026-06-16T18:51:01,411
C00616,P035,P018,2026-06-30T20:26:59,135
C00617,P035,P018,2026-06-09T09:28:36,735
C00618,P035,P016,2026-06-07T22:16:39,307
C00619,P035,P016,2026-06-23T17:53:02,219
C00620,P035,P016,2026-06-04T04:56:30,888
C00621,P035,P016,2026-06-03T16:27:30,191
C00622,P035,P016,2026-06-29T16:12:21,104
C00623,P035,P016,2026-06-26T11:38:09,698
C00624,P035,P016,2026-06-12T02:21:51,578
C00625,P035,P016,2026-06-18T10:34:18,322
C00626,P035,P008,2026-06-23T23:13:04,193
C00627,P035,P008,2026-06-26T13:09:41,535
C00628,P035,P008,2026-06-08T04:25:07,220
C00629,P035,P002,2026-06-08T17:59:12,41
C00630,P035,P002,2026-06-12T20:10:16,601
C00631,P035,P002,2026-06-12T17:01:03,837
C00632,P036,P009,2026-06-25T14:54:25,858
C00633,P036,P009,2026-06-19T02:41:06,143
C00634,P036,P009,2026-06-11T23:23:12,90
C00635,P036,P009,2026-06-15T16:57:37,711
C00636,P036,P009,2026-06-17T12:32:36,146
C00637,P036,P009,2026-06-29T20:04:20,670
C00638,P036,P009,2026-06-19T06:37:30,801
C00639,P036,P006,2026-06-14T18:18:31,71
C00640,P036,P006,2026-06-27T04:31:14,545
C00641,P036,P006,2026-06-05T11:04:22,183
C00642,P036,P005,2026-06-11T08:12:32,369
C00643,P036,P005,2026-07-01T18:53:32,305
C00644,P036,P005,2026-06-28T02:52:16,271
C00645,P036,P020,2026-06-21T20:03:19,296
C00646,P036,P020,2026-06-05T22:45:22,325
C00647,P036,P020,2026-06-20T19:25:24,110
C00648,P036,P020,2026-06-17T23:20:15,187
C00649,P036,P026,2026-06-06T23:59:01,654
C00650,P036,P026,2026-06-24T22:01:56,360
C00651,P036,P026,2026-06-27T20:31:14,57
C00652,P036,P031,2026-06-03T01:39:18,671
C00653,P037,P017,2026-06-21T10:59:56,509
C00654,P037,P017,2026-06-08T14:47:07,319
C00655,P037,P017,2026-06-15T02:39:24,720
C00656,P037,P017,2026-06-02T05:45:19,465
C00657,P037,P017,2026-06-14T17:37:51,490
C00658,P037,P014,2026-06-11T22:05:16,162
C00659,P037,P014,2026-06-11T11:37:33,766
C00660,P037,P014,2026-06-28T12:34:28,423
C00661,P037,P014,2026-06-05T13:29:27,542
C00662,P037,P038,2026-06-11T08:48:05,492
C00663,P037,P038,2026-06-04T09:44:18,475
C00664,P037,P027,2026-06-05T03:31:29,66
C00665,P037,P027,2026-06-10T13:59:11,899
C00666,P037,P027,2026-06-20T15:13:25,269
C00667,P037,P027,2026-07-01T05:48:52,848
C00668,P037,P002,2026-06-30T21:01:58,753
C00669,P037,P002,2026-06-11T06:54:41,796
C00670,P037,P002,2026-06-06T18:08:28,542
C00671,P037,P002,2026-06-15T18:09:33,330
C00672,P037,P002,2026-06-16T00:50:37,107
C00673,P037,P002,2026-07-01T14:19:03,532
C00674,P037,P032,2026-07-01T08:45:52,235
C00675,P037,P032,2026-06-19T12:50:54,64
C00676,P037,P032,2026-06-02T10:14:37,521
C00677,P037,P032,2026-06-20T23:49:15,703
C00678,P037,P032,2026-06-16T10:24:13,564
C00679,P037,P032,2026-06-01T03:54:49,456
C00680,P037,P032,2026-06-05T09:37:44,759
C00681,P037,P032,2026-06-12T14:40:55,389
C00682,P038,P026,2026-06-12T20:08:32,310
C00683,P038,P026,2026-06-03T14:03:59,531
C00684,P038,P026,2026-06-15T20:01:10,301
C00685,P038,P026,2026-06-27T22:41:29,711
C00686,P038,P004,2026-06-05T03:31:12,418
C00687,P038,P004,2026-06-12T12:20:44,586
C00688,P039,P010,2026-06-17T01:27:56,61
C00689,P039,P010,2026-06-02T04:59:21,745
C00690,P039,P010,2026-06-11T17:14:54,546
C00691,P039,P010,2026-06-15T05:25:21,635
C00692,P039,P010,2026-06-29T18:46:08,158
C00693,P039,P010,2026-06-11T22:19:16,341
C00694,P039,P010,2026-06-06T14:18:25,646
C00695,P039,P013,2026-06-19T12:14:49,534
C00696,P039,P013,2026-06-27T18:33:29,560
C00697,P039,P013,2026-06-16T20:29:43,321
C00698,P039,P013,2026-06-16T00:36:20,392
C00699,P039,P013,2026-06-11T03:59:26,441
C00700,P039,P040,2026-06-26T22:54:38,42
C00701,P039,P040,2026-06-20T17:16:45,286
C00702,P039,P040,2026-07-01T23:52:09,816
C00703,P039,P040,2026-06-25T21:03:41,606
C00704,P039,P040,2026-06-08T01:52:11,612
C00705,P039,P033,2026-06-06T19:05:12,659
C00706,P039,P033,2026-06-24T22:33:50,808
C00707,P039,P033,2026-06-27T13:50:32,166
C00708,P039,P033,2026-06-27T08:49:05,47
C00709,P039,P033,2026-06-19T04:00:04,210
C00710,P039,P033,2026-06-01T16:03:27,336
C00711,P039,P033,2026-06-14T05:30:48,437
C00712,P039,P033,2026-06-23T07:25:24,435
C00713,P040,P031,2026-06-17T13:43:11,336
C00714,P040,P031,2026-07-01T06:18:19,485
C00715,P040,P031,2026-06-30T19:24:38,365
C00716,P040,P031,2026-06-18T12:53:57,707
C00717,P040,P031,2026-06-25T23:25:19,837
C00718,P040,P031,2026-06-23T09:37:30,639
C00719,P040,P031,2026-06-16T07:00:00,267
C00720,P040,P031,2026-06-09T20:19:09,320
C00721,P040,P004,2026-07-01T10:50:08,804
C00722,P040,P004,2026-06-10T07:32:48,721
C00723,P040,P004,2026-06-23T17:48:14,339
C00724,P040,P004,2026-06-16T12:41:58,588
C00725,P040,P009,2026-06-10T04:26:14,602
C00726,P040,P009,2026-06-22T19:46:37,403
C00727,P040,P009,2026-06-29T14:21:52,853
C00728,P040,P009,2026-06-12T05:19:58,312
C00729,P040,P009,2026-06-02T10:28:20,746
C00730,P040,P034,2026-06-12T16:06:23,686
C00731,P040,P034,2026-06-09T17:26:33,234
C00732,P040,P014,2026-06-27T19:36:32,292
C00733,P040,P014,2026-06-30T20:27:44,727
C00734,P040,P014,2026-06-09T04:59:52,126
C00735,P040,P014,2026-06-20T21:21:57,260
C00736,P040,P021,2026-06-02T19:20:04,246
C00737,P040,P021,2026-06-21T08:28:38,68
C00738,P040,P021,2026-06-04T15:02:52,353
C00739,P040,P021,2026-06-23T17:11:58,117
C00740,P_BURNER_01,P001,2026-06-27T10:27:29,92
C00741,P_BURNER_01,P001,2026-06-28T23:30:59,25
C00742,P_BURNER_01,P001,2026-06-26T23:44:58,156
C00743,P_BURNER_01,P036,2026-06-30T01:21:28,54
C00744,P_BURNER_01,P036,2026-06-29T06:24:00,19
C00745,P_BURNER_01,P011,2026-06-29T06:47:00,84
C00746,P_BURNER_01,P011,2026-06-26T00:20:14,86
C00747,P_BURNER_01,P011,2026-06-30T21:56:47,37
C00748,P_BURNER_01,P027,2026-06-28T16:32:32,174
C00749,P_BURNER_01,P027,2026-06-30T19:05:23,136
C00750,P_BURNER_01,P027,2026-06-27T18:21:28,129
