person_id,name,phone
P001,Sana Sharma,9896233790
P002,Arjun Khan,9339670711
P003,Vikram Verma,9826600539
P004,Ritu Verma,9734036506
P005,Pooja Sharma,9131994523
P006,Priya Khan,9349817734
P007,Manish Iyer,9128492780
P008,Ritu Khan,9868820204
P009,Ritu Chauhan,9336696312
P010,Vivek Iyer,9398704996
P011,Aman Gupta,9849621470
P012,Pooja Nair,9398362082
P013,Vikram Khan,9919795579
P014,Sameer Verma,9199585092
P015,Rahul Verma,9485451171
P016,Anjali Iyer,9384027113
P017,Rohit Malhotra,9675770529
P018,Sana Chauhan,9184611066
P019,Ritu Reddy,9990566476
P020,Kavya Nair,9719927151
P021,Karan Verma,9149203558
P022,Divya Reddy,9185675980
P023,Divya Verma,9508157429
P024,Arjun Malhotra,9782560971
P025,Anjali Gupta,9497478786
P026,Anjali Khan,9819595113
P027,Arjun Verma,9754049436
P028,Neha Bose,9882893941
P029,Divya Gupta,9596348124
P030,Rahul Reddy,9787194506
P031,Ritu Khan,9835098955
P032,Sameer Sharma,9345938494
P033,Rohit Nair,9530747414
P034,Arjun Verma,9326541099
P035,Aditya Nair,9328306011
P036,Isha Chauhan,9790256940
P037,Vivek Gupta,9384412919
P038,Vikram Khan,9899925830
P039,Ritu Bose,9382116655
P040,Aditya Chauhan,9726563708
