ping_id,person_id,tower_id,timestamp
PG00001,P001,T004,2026-06-26T04:06:04
PG00002,P001,T006,2026-06-06T16:42:30
PG00003,P001,T011,2026-06-09T06:46:45
PG00004,P001,T001,2026-06-24T12:16:25
PG00005,P001,T005,2026-06-19T07:01:58
PG00006,P001,T003,2026-06-20T23:15:19
PG00007,P001,T007,2026-06-27T15:34:19
PG00008,P001,T009,2026-06-11T03:09:28
PG00009,P001,T007,2026-06-22T03:28:22
PG00010,P001,T003,2026-06-05T17:23:00
PG00011,P001,T006,2026-06-30T09:01:52
PG00012,P001,T001,2026-06-09T13:57:55
PG00013,P001,T004,2026-06-15T09:43:15
PG00014,P001,T006,2026-06-10T21:12:24
PG00015,P001,T012,2026-06-19T00:24:58
PG00016,P001,T005,2026-06-21T13:05:27
PG00017,P001,T012,2026-06-08T02:15:42
PG00018,P001,T011,2026-06-04T16:56:40
PG00019,P001,T005,2026-06-06T14:45:38
PG00020,P001,T011,2026-06-17T11:19:20
PG00021,P001,T012,2026-06-04T23:15:17
PG00022,P001,T005,2026-06-12T22:22:40
PG00023,P001,T004,2026-06-08T04:51:47
PG00024,P001,T008,2026-06-05T16:33:54
PG00025,P001,T012,2026-06-20T13:36:11
PG00026,P001,T007,2026-06-23T19:59:49
PG00027,P001,T008,2026-06-25T19:34:13
PG00028,P001,T011,2026-06-27T07:57:07
PG00029,P001,T004,2026-06-22T21:41:34
PG00030,P001,T002,2026-06-17T16:15:56
PG00031,P001,T009,2026-06-23T13:10:19
PG00032,P001,T002,2026-06-30T20:32:26
PG00033,P001,T002,2026-06-02T19:56:21
PG00034,P001,T009,2026-06-07T20:51:05
PG00035,P001,T009,2026-06-05T05:59:26
PG00036,P001,T006,2026-06-28T18:56:42
PG00037,P001,T008,2026-06-04T07:28:42
PG00038,P002,T008,2026-06-03T18:34:55
PG00039,P002,T008,2026-06-26T02:01:32
PG00040,P002,T008,2026-06-05T18:41:12
PG00041,P002,T007,2026-06-15T20:31:52
PG00042,P002,T001,2026-06-18T16:50:04
PG00043,P002,T011,2026-06-26T11:13:12
PG00044,P002,T012,2026-06-01T14:24:57
PG00045,P002,T005,2026-06-27T00:06:35
PG00046,P002,T012,2026-06-07T21:03:20
PG00047,P002,T002,2026-06-02T15:25:34
PG00048,P002,T006,2026-06-23T02:19:17
PG00049,P002,T009,2026-06-02T02:30:46
PG00050,P002,T008,2026-06-02T10:27:09
PG00051,P002,T007,2026-06-06T04:55:50
PG00052,P002,T011,2026-06-24T23:30:56
PG00053,P002,T007,2026-06-12T13:55:32
PG00054,P002,T008,2026-06-28T13:44:39
PG00055,P002,T007,2026-06-03T19:38:07
PG00056,P002,T003,2026-06-21T12:39:42
PG00057,P002,T002,2026-06-06T19:33:39
PG00058,P002,T007,2026-06-17T04:38:11
PG00059,P002,T012,2026-06-08T00:07:35
PG00060,P002,T001,2026-06-10T16:51:26
PG00061,P002,T011,2026-06-24T19:49:21
PG00062,P002,T007,2026-06-18T13:48:32
PG00063,P002,T004,2026-06-08T16:46:15
PG00064,P002,T006,2026-06-05T10:02:09
PG00065,P002,T004,2026-06-30T04:06:30
PG00066,P002,T001,2026-06-26T15:15:50
PG00067,P002,T010,2026-06-25T00:34:10
PG00068,P002,T004,2026-06-07T02:26:59
PG00069,P002,T002,2026-06-20T01:13:20
PG00070,P002,T008,2026-06-20T01:46:20
PG00071,P002,T004,2026-06-24T01:36:38
PG00072,P002,T007,2026-06-15T08:31:55
PG00073,P002,T009,2026-06-07T02:03:18
PG00074,P002,T003,2026-06-17T10:31:54
PG00075,P002,T004,2026-06-27T20:58:31
PG00076,P002,T006,2026-06-19T21:46:10
PG00077,P002,T011,2026-06-27T11:40:30
PG00078,P002,T004,2026-06-10T05:12:57
PG00079,P002,T011,2026-06-17T08:02:52
PG00080,P002,T007,2026-06-10T10:01:04
PG00081,P002,T001,2026-06-18T21:32:30
PG00082,P002,T012,2026-06-30T06:22:35
PG00083,P002,T011,2026-06-22T15:33:14
PG00084,P002,T009,2026-06-16T01:42:25
PG00085,P002,T006,2026-07-01T23:25:20
PG00086,P002,T011,2026-06-13T19:05:42
PG00087,P002,T006,2026-06-23T15:09:28
PG00088,P002,T007,2026-06-05T10:55:06
PG00089,P002,T007,2026-06-06T19:35:07
PG00090,P002,T008,2026-06-08T08:12:16
PG00091,P002,T005,2026-06-28T05:15:20
PG00092,P002,T008,2026-06-30T02:05:52
PG00093,P002,T009,2026-06-14T15:09:52
PG00094,P002,T009,2026-06-17T04:52:55
PG00095,P003,T004,2026-06-09T07:24:11
PG00096,P003,T006,2026-06-21T02:52:43
PG00097,P003,T008,2026-06-28T13:30:37
PG00098,P003,T002,2026-06-18T06:56:06
PG00099,P003,T001,2026-06-09T13:43:56
PG00100,P003,T011,2026-06-20T21:57:06
PG00101,P003,T001,2026-06-28T02:38:59
PG00102,P003,T004,2026-06-26T21:23:35
PG00103,P003,T012,2026-06-22T20:20:49
PG00104,P003,T004,2026-06-16T07:36:19
PG00105,P003,T006,2026-06-10T00:33:29
PG00106,P003,T004,2026-06-30T06:55:06
PG00107,P003,T012,2026-06-04T17:26:13
PG00108,P003,T004,2026-06-23T22:00:20
PG00109,P003,T012,2026-06-07T14:26:27
PG00110,P003,T004,2026-06-18T11:42:34
PG00111,P003,T005,2026-06-13T16:58:32
PG00112,P003,T009,2026-06-21T13:04:48
PG00113,P003,T005,2026-06-09T13:05:39
PG00114,P003,T009,2026-06-29T18:06:19
PG00115,P003,T008,2026-06-04T17:05:37
PG00116,P003,T006,2026-06-30T07:23:44
PG00117,P003,T006,2026-06-11T15:04:14
PG00118,P003,T001,2026-06-19T08:03:22
PG00119,P003,T012,2026-06-05T00:35:25
PG00120,P003,T005,2026-06-18T21:15:50
PG00121,P003,T010,2026-06-24T15:12:12
PG00122,P003,T005,2026-06-05T07:08:35
PG00123,P003,T006,2026-06-08T13:49:46
PG00124,P003,T010,2026-06-27T08:56:48
PG00125,P003,T008,2026-06-18T23:50:00
PG00126,P003,T011,2026-06-11T09:22:08
PG00127,P003,T008,2026-07-01T23:21:48
PG00128,P003,T012,2026-06-16T16:46:41
PG00129,P003,T003,2026-06-24T12:49:20
PG00130,P003,T003,2026-06-05T19:53:56
PG00131,P003,T008,2026-06-06T19:44:18
PG00132,P003,T011,2026-07-01T02:08:18
PG00133,P003,T009,2026-06-02T02:42:22
PG00134,P003,T011,2026-06-02T00:13:56
PG00135,P003,T007,2026-06-05T22:57:47
PG00136,P003,T004,2026-06-03T05:29:55
PG00137,P003,T001,2026-06-07T18:24:47
PG00138,P003,T008,2026-06-12T02:12:03
PG00139,P004,T011,2026-06-22T22:26:48
PG00140,P004,T008,2026-06-22T17:45:44
PG00141,P004,T001,2026-06-01T19:22:38
PG00142,P004,T009,2026-06-14T00:25:53
PG00143,P004,T001,2026-06-17T10:00:10
PG00144,P004,T009,2026-06-10T00:37:26
PG00145,P004,T009,2026-06-27T15:40:36
PG00146,P004,T003,2026-06-04T03:30:24
PG00147,P004,T009,2026-06-05T08:46:24
PG00148,P004,T004,2026-06-20T19:10:03
PG00149,P004,T005,2026-06-27T12:54:17
PG00150,P004,T005,2026-06-26T14:27:02
PG00151,P004,T002,2026-06-12T14:46:58
PG00152,P004,T008,2026-06-19T08:51:17
PG00153,P004,T012,2026-06-08T10:55:18
PG00154,P004,T011,2026-06-27T02:56:06
PG00155,P004,T011,2026-06-28T23:39:42
PG00156,P004,T001,2026-06-03T14:45:20
PG00157,P004,T007,2026-06-13T20:07:23
PG00158,P004,T008,2026-06-02T23:10:59
PG00159,P004,T001,2026-06-23T06:14:23
PG00160,P004,T002,2026-06-16T15:47:53
PG00161,P004,T011,2026-06-26T12:03:40
PG00162,P004,T010,2026-06-28T03:28:19
PG00163,P004,T009,2026-06-30T01:32:57
PG00164,P004,T004,2026-06-07T20:38:09
PG00165,P004,T008,2026-06-09T01:41:42
PG00166,P004,T002,2026-06-22T10:12:29
PG00167,P004,T009,2026-06-19T23:57:39
PG00168,P004,T001,2026-06-06T11:27:00
PG00169,P004,T001,2026-07-01T07:32:32
PG00170,P004,T010,2026-06-05T14:30:05
PG00171,P004,T002,2026-06-10T05:54:52
PG00172,P004,T010,2026-06-08T20:37:57
PG00173,P004,T007,2026-06-22T19:40:52
PG00174,P004,T006,2026-06-13T05:05:43
PG00175,P004,T012,2026-06-24T02:51:19
PG00176,P004,T009,2026-06-24T12:35:32
PG00177,P004,T001,2026-06-04T15:54:50
PG00178,P004,T004,2026-06-27T02:46:03
PG00179,P004,T006,2026-06-20T22:21:00
PG00180,P004,T010,2026-06-13T11:52:58
PG00181,P004,T001,2026-06-21T09:57:05
PG00182,P004,T008,2026-06-16T08:18:22
PG00183,P004,T006,2026-06-18T13:40:07
PG00184,P004,T007,2026-06-06T21:19:51
PG00185,P004,T011,2026-06-13T03:07:12
PG00186,P004,T010,2026-06-10T08:58:22
PG00187,P004,T012,2026-06-03T02:59:12
PG00188,P004,T005,2026-06-05T13:50:07
PG00189,P004,T012,2026-06-26T23:04:46
PG00190,P004,T003,2026-06-24T14:11:08
PG00191,P004,T006,2026-06-12T03:52:45
PG00192,P004,T002,2026-06-01T11:13:25
PG00193,P004,T008,2026-06-12T09:49:18
PG00194,P004,T002,2026-06-05T03:10:42
PG00195,P004,T003,2026-06-14T16:20:30
PG00196,P004,T009,2026-06-18T18:39:26
PG00197,P004,T007,2026-06-04T00:57:22
PG00198,P005,T006,2026-06-18T03:23:18
PG00199,P005,T010,2026-06-20T11:48:43
PG00200,P005,T007,2026-06-01T10:37:33
PG00201,P005,T007,2026-06-13T03:05:01
PG00202,P005,T012,2026-06-29T20:22:19
PG00203,P005,T004,2026-06-19T18:58:22
PG00204,P005,T003,2026-06-22T13:51:43
PG00205,P005,T003,2026-06-05T09:47:27
PG00206,P005,T005,2026-06-09T17:57:14
PG00207,P005,T003,2026-06-03T06:05:16
PG00208,P005,T007,2026-06-09T15:19:54
PG00209,P005,T005,2026-06-16T02:48:02
PG00210,P005,T006,2026-06-09T08:58:41
PG00211,P005,T012,2026-06-21T18:03:05
PG00212,P005,T010,2026-06-20T07:07:10
PG00213,P005,T008,2026-06-04T04:55:58
PG00214,P005,T005,2026-06-01T14:24:24
PG00215,P005,T006,2026-06-27T22:34:49
PG00216,P005,T007,2026-06-26T11:59:53
PG00217,P005,T008,2026-06-11T15:40:41
PG00218,P005,T011,2026-06-20T04:57:22
PG00219,P005,T005,2026-06-11T21:57:44
PG00220,P005,T012,2026-06-07T17:26:24
PG00221,P005,T006,2026-06-06T14:29:58
PG00222,P005,T006,2026-06-10T23:02:35
PG00223,P006,T010,2026-06-26T08:49:35
PG00224,P006,T006,2026-06-13T10:12:19
PG00225,P006,T007,2026-06-12T04:08:47
PG00226,P006,T010,2026-06-07T21:33:44
PG00227,P006,T009,2026-06-06T20:01:42
PG00228,P006,T001,2026-07-01T16:48:25
PG00229,P006,T012,2026-06-07T15:57:49
PG00230,P006,T005,2026-06-27T02:31:04
PG00231,P006,T007,2026-06-22T18:10:44
PG00232,P006,T003,2026-06-21T11:01:32
PG00233,P006,T004,2026-06-09T23:58:52
PG00234,P006,T003,2026-06-23T15:24:20
PG00235,P006,T007,2026-06-03T16:21:00
PG00236,P006,T010,2026-06-16T21:11:55
PG00237,P006,T007,2026-06-18T18:26:42
PG00238,P006,T012,2026-06-14T19:47:36
PG00239,P006,T001,2026-06-26T13:05:24
PG00240,P006,T012,2026-06-29T19:32:53
PG00241,P006,T010,2026-06-21T03:05:38
PG00242,P006,T002,2026-06-25T09:02:16
PG00243,P006,T011,2026-06-22T12:55:31
PG00244,P006,T003,2026-06-21T22:18:24
PG00245,P006,T001,2026-06-19T23:29:05
PG00246,P006,T011,2026-06-21T14:32:58
PG00247,P006,T006,2026-07-01T15:40:20
PG00248,P006,T002,2026-06-01T03:35:24
PG00249,P006,T005,2026-06-08T18:35:35
PG00250,P006,T012,2026-06-17T20:18:57
PG00251,P006,T010,2026-06-23T20:56:37
PG00252,P006,T004,2026-06-15T13:37:16
PG00253,P006,T007,2026-06-15T21:25:47
PG00254,P006,T012,2026-06-17T05:29:18
PG00255,P006,T006,2026-06-01T17:34:37
PG00256,P006,T002,2026-06-10T15:08:42
PG00257,P006,T002,2026-06-04T05:09:29
PG00258,P006,T006,2026-06-10T12:29:26
PG00259,P006,T008,2026-06-26T07:31:54
PG00260,P006,T009,2026-06-16T12:40:52
PG00261,P006,T008,2026-06-04T15:57:11
PG00262,P006,T012,2026-06-23T16:28:23
PG00263,P006,T006,2026-06-03T10:55:56
PG00264,P006,T001,2026-06-26T04:11:24
PG00265,P006,T001,2026-06-28T12:29:27
PG00266,P006,T011,2026-06-04T05:59:02
PG00267,P006,T012,2026-06-08T18:47:12
PG00268,P006,T003,2026-06-18T05:49:49
PG00269,P006,T006,2026-06-18T15:31:25
PG00270,P006,T008,2026-06-08T14:44:50
PG00271,P006,T011,2026-06-06T06:47:10
PG00272,P006,T011,2026-06-22T15:44:00
PG00273,P006,T007,2026-06-01T22:21:32
PG00274,P007,T008,2026-06-19T15:38:22
PG00275,P007,T007,2026-06-01T07:49:13
PG00276,P007,T004,2026-06-09T02:16:40
PG00277,P007,T010,2026-06-04T19:32:51
PG00278,P007,T003,2026-06-12T11:52:07
PG00279,P007,T004,2026-06-15T04:08:56
PG00280,P007,T005,2026-06-22T17:49:17
PG00281,P007,T009,2026-07-01T23:16:09
PG00282,P007,T006,2026-06-20T14:08:59
PG00283,P007,T010,2026-06-13T21:22:19
PG00284,P007,T002,2026-06-12T12:48:55
PG00285,P007,T008,2026-06-20T06:16:53
PG00286,P007,T011,2026-06-23T10:49:46
PG00287,P007,T010,2026-06-19T03:05:08
PG00288,P007,T011,2026-06-05T11:24:09
PG00289,P007,T002,2026-06-08T11:07:06
PG00290,P007,T002,2026-06-06T13:35:29
PG00291,P007,T012,2026-06-05T18:35:54
PG00292,P007,T007,2026-06-14T21:42:54
PG00293,P007,T003,2026-06-19T13:58:13
PG00294,P007,T007,2026-06-06T17:43:08
PG00295,P007,T011,2026-06-18T23:29:35
PG00296,P007,T003,2026-06-18T06:04:31
PG00297,P007,T008,2026-06-10T05:06:28
PG00298,P007,T003,2026-06-11T16:25:13
PG00299,P007,T010,2026-06-02T13:04:19
PG00300,P007,T001,2026-06-16T04:58:15
PG00301,P007,T004,2026-06-27T13:58:44
PG00302,P007,T009,2026-06-17T23:46:39
PG00303,P007,T008,2026-06-14T17:54:11
PG00304,P007,T007,2026-06-23T16:09:36
PG00305,P007,T008,2026-06-06T03:00:35
PG00306,P008,T001,2026-06-26T08:01:45
PG00307,P008,T005,2026-06-02T10:00:25
PG00308,P008,T004,2026-06-18T10:30:36
PG00309,P008,T003,2026-06-25T16:39:02
PG00310,P008,T010,2026-06-24T18:02:01
PG00311,P008,T009,2026-06-17T04:07:18
PG00312,P008,T010,2026-06-04T09:45:12
PG00313,P008,T009,2026-06-27T13:21:25
PG00314,P008,T009,2026-06-27T01:30:53
PG00315,P008,T012,2026-06-15T19:53:31
PG00316,P008,T004,2026-06-14T03:43:43
PG00317,P008,T012,2026-06-27T23:47:58
PG00318,P008,T004,2026-06-10T01:10:24
PG00319,P008,T008,2026-06-09T12:41:28
PG00320,P008,T002,2026-06-15T04:16:26
PG00321,P008,T004,2026-06-07T21:24:20
PG00322,P008,T012,2026-06-12T22:13:08
PG00323,P008,T011,2026-06-14T06:02:35
PG00324,P008,T010,2026-06-05T07:31:22
PG00325,P008,T004,2026-06-26T02:09:40
PG00326,P008,T010,2026-06-12T19:22:47
PG00327,P008,T005,2026-06-20T19:36:57
PG00328,P008,T003,2026-06-11T10:39:16
PG00329,P008,T005,2026-06-19T09:44:01
PG00330,P008,T009,2026-06-29T03:28:01
PG00331,P008,T003,2026-07-01T14:59:08
PG00332,P008,T001,2026-06-09T23:52:49
PG00333,P008,T003,2026-06-23T04:49:52
PG00334,P008,T004,2026-06-05T11:43:37
PG00335,P008,T004,2026-06-25T14:17:52
PG00336,P008,T008,2026-06-05T21:01:24
PG00337,P008,T011,2026-06-09T22:51:28
PG00338,P008,T007,2026-06-13T16:27:23
PG00339,P008,T002,2026-06-21T03:23:22
PG00340,P008,T007,2026-06-17T10:07:47
PG00341,P008,T012,2026-06-30T13:26:14
PG00342,P008,T008,2026-07-01T17:46:08
PG00343,P008,T006,2026-06-19T00:05:24
PG00344,P008,T012,2026-06-03T16:41:29
PG00345,P008,T011,2026-06-22T13:02:32
PG00346,P008,T002,2026-06-26T19:27:28
PG00347,P008,T007,2026-06-07T15:38:34
PG00348,P008,T004,2026-06-16T09:46:37
PG00349,P008,T006,2026-06-27T10:19:31
PG00350,P008,T006,2026-06-18T21:02:30
PG00351,P008,T003,2026-06-19T17:40:14
PG00352,P008,T006,2026-06-29T01:45:45
PG00353,P008,T001,2026-06-04T22:47:54
PG00354,P008,T008,2026-06-01T04:31:24
PG00355,P008,T003,2026-06-15T16:37:16
PG00356,P008,T001,2026-07-01T15:34:32
PG00357,P008,T004,2026-06-23T04:48:10
PG00358,P008,T011,2026-06-10T05:47:17
PG00359,P008,T005,2026-06-03T23:49:58
PG00360,P008,T006,2026-06-09T03:00:03
PG00361,P008,T006,2026-06-22T23:37:34
PG00362,P009,T001,2026-06-13T22:46:39
PG00363,P009,T005,2026-06-24T08:31:29
PG00364,P009,T007,2026-06-21T03:19:13
PG00365,P009,T012,2026-06-04T00:02:22
PG00366,P009,T004,2026-06-16T02:50:15
PG00367,P009,T003,2026-06-19T08:14:07
PG00368,P009,T009,2026-06-22T16:12:15
PG00369,P009,T001,2026-06-01T12:30:32
PG00370,P009,T002,2026-06-28T15:22:33
PG00371,P009,T012,2026-06-05T17:23:33
PG00372,P009,T002,2026-06-08T13:56:49
PG00373,P009,T002,2026-06-24T03:43:45
PG00374,P009,T002,2026-06-11T13:22:57
PG00375,P009,T005,2026-06-05T13:56:04
PG00376,P009,T003,2026-06-21T05:12:04
PG00377,P009,T002,2026-06-17T20:30:31
PG00378,P009,T001,2026-06-20T23:39:59
PG00379,P009,T003,2026-06-15T12:47:10
PG00380,P009,T012,2026-06-07T22:52:03
PG00381,P009,T012,2026-06-05T14:59:23
PG00382,P009,T010,2026-06-22T16:06:24
PG00383,P009,T004,2026-06-03T03:39:28
PG00384,P009,T003,2026-06-25T04:29:02
PG00385,P009,T010,2026-06-24T13:58:55
PG00386,P009,T006,2026-07-01T15:38:00
PG00387,P009,T006,2026-06-26T05:05:27
PG00388,P009,T004,2026-06-09T23:28:11
PG00389,P009,T002,2026-06-08T20:08:54
PG00390,P009,T010,2026-06-20T22:07:18
PG00391,P009,T005,2026-06-25T00:58:35
PG00392,P010,T004,2026-06-17T22:05:51
PG00393,P010,T009,2026-06-07T14:15:47
PG00394,P010,T005,2026-06-21T01:59:12
PG00395,P010,T004,2026-06-16T14:02:58
PG00396,P010,T002,2026-06-08T18:11:21
PG00397,P010,T011,2026-06-20T02:35:07
PG00398,P010,T009,2026-06-29T00:26:21
PG00399,P010,T006,2026-06-30T11:31:20
PG00400,P010,T003,2026-06-13T20:41:38
PG00401,P010,T007,2026-06-12T19:53:32
PG00402,P010,T011,2026-06-06T17:08:56
PG00403,P010,T002,2026-06-01T21:23:06
PG00404,P010,T002,2026-06-01T09:32:45
PG00405,P010,T004,2026-06-02T02:12:05
PG00406,P010,T007,2026-06-17T10:25:50
PG00407,P010,T011,2026-06-23T18:14:33
PG00408,P010,T007,2026-06-14T14:38:47
PG00409,P010,T002,2026-06-21T19:32:08
PG00410,P010,T009,2026-06-20T05:33:32
PG00411,P010,T005,2026-06-03T11:17:00
PG00412,P010,T002,2026-06-17T07:23:53
PG00413,P010,T003,2026-06-18T11:53:47
PG00414,P010,T007,2026-06-19T23:05:38
PG00415,P010,T011,2026-06-22T23:24:59
PG00416,P010,T002,2026-06-10T15:55:42
PG00417,P010,T012,2026-07-01T08:41:18
PG00418,P010,T001,2026-06-08T03:08:20
PG00419,P010,T007,2026-06-04T16:30:24
PG00420,P010,T010,2026-06-20T02:00:12
PG00421,P010,T005,2026-06-22T23:57:32
PG00422,P010,T012,2026-06-06T04:20:55
PG00423,P010,T001,2026-06-23T04:59:44
PG00424,P010,T012,2026-06-01T05:57:53
PG00425,P010,T008,2026-07-01T12:37:23
PG00426,P010,T009,2026-06-17T09:26:20
PG00427,P010,T003,2026-06-12T04:37:17
PG00428,P010,T012,2026-06-25T09:47:07
PG00429,P010,T012,2026-06-29T04:17:53
PG00430,P010,T001,2026-06-11T15:37:52
PG00431,P011,T009,2026-06-03T09:34:25
PG00432,P011,T012,2026-06-19T22:50:51
PG00433,P011,T002,2026-06-16T16:34:23
PG00434,P011,T009,2026-06-12T02:01:06
PG00435,P011,T008,2026-06-28T20:38:22
PG00436,P011,T003,2026-06-12T05:43:38
PG00437,P011,T005,2026-06-25T03:44:47
PG00438,P011,T010,2026-06-22T04:11:57
PG00439,P011,T004,2026-06-24T18:31:32
PG00440,P011,T001,2026-06-02T00:26:50
PG00441,P011,T004,2026-06-02T17:10:35
PG00442,P011,T006,2026-06-13T05:27:51
PG00443,P011,T003,2026-06-30T01:17:15
PG00444,P011,T009,2026-06-26T23:52:24
PG00445,P011,T007,2026-06-08T11:42:59
PG00446,P011,T004,2026-06-14T11:38:54
PG00447,P011,T005,2026-06-27T02:50:08
PG00448,P011,T010,2026-06-12T04:20:50
PG00449,P011,T009,2026-06-22T01:55:03
PG00450,P011,T003,2026-06-08T18:46:43
PG00451,P011,T001,2026-07-01T14:35:50
PG00452,P011,T002,2026-06-29T16:56:00
PG00453,P011,T005,2026-06-25T11:18:43
PG00454,P011,T006,2026-06-03T20:08:14
PG00455,P011,T008,2026-06-01T13:25:54
PG00456,P011,T004,2026-06-10T20:31:39
PG00457,P011,T005,2026-06-24T22:40:20
PG00458,P011,T004,2026-06-15T13:24:30
PG00459,P011,T010,2026-06-16T07:06:54
PG00460,P011,T012,2026-06-29T19:53:58
PG00461,P011,T004,2026-06-05T00:13:55
PG00462,P011,T007,2026-06-01T08:28:59
PG00463,P011,T009,2026-06-12T23:09:14
PG00464,P011,T012,2026-06-29T00:20:57
PG00465,P011,T006,2026-06-01T23:55:54
PG00466,P011,T007,2026-06-28T11:11:46
PG00467,P011,T002,2026-06-07T19:17:23
PG00468,P012,T007,2026-06-16T02:10:50
PG00469,P012,T003,2026-06-23T10:11:17
PG00470,P012,T002,2026-06-02T08:25:39
PG00471,P012,T009,2026-06-14T13:33:43
PG00472,P012,T008,2026-06-24T03:05:28
PG00473,P012,T010,2026-06-04T18:24:07
PG00474,P012,T003,2026-06-21T14:21:28
PG00475,P012,T002,2026-06-19T20:40:25
PG00476,P012,T001,2026-06-14T04:45:32
PG00477,P012,T004,2026-06-10T09:30:08
PG00478,P012,T006,2026-06-30T14:18:25
PG00479,P012,T012,2026-06-27T11:52:42
PG00480,P012,T006,2026-06-15T09:54:05
PG00481,P012,T004,2026-06-03T07:22:49
PG00482,P012,T003,2026-06-25T21:17:18
PG00483,P012,T002,2026-06-05T03:50:48
PG00484,P012,T003,2026-06-15T16:58:06
PG00485,P012,T006,2026-06-14T04:23:45
PG00486,P012,T009,2026-06-12T07:33:35
PG00487,P012,T008,2026-06-10T16:52:11
PG00488,P012,T005,2026-06-28T04:21:57
PG00489,P012,T002,2026-06-06T11:04:34
PG00490,P012,T012,2026-06-23T21:57:56
PG00491,P012,T001,2026-06-07T11:56:04
PG00492,P012,T003,2026-06-03T09:02:14
PG00493,P012,T006,2026-06-13T18:41:40
PG00494,P012,T001,2026-06-22T10:52:49
PG00495,P012,T005,2026-06-27T06:19:49
PG00496,P012,T001,2026-07-01T14:43:24
PG00497,P012,T008,2026-06-18T20:01:45
PG00498,P012,T004,2026-06-04T16:49:20
PG00499,P012,T002,2026-06-26T05:05:22
PG00500,P012,T002,2026-06-01T02:14:43
PG00501,P012,T004,2026-06-05T07:12:49
PG00502,P012,T007,2026-06-12T22:56:54
PG00503,P013,T010,2026-06-19T09:25:24
PG00504,P013,T002,2026-06-01T02:20:50
PG00505,P013,T004,2026-06-29T23:31:10
PG00506,P013,T008,2026-06-26T04:41:20
PG00507,P013,T002,2026-06-29T12:04:16
PG00508,P013,T002,2026-06-02T16:47:03
PG00509,P013,T001,2026-06-06T20:53:40
PG00510,P013,T007,2026-06-27T14:22:53
PG00511,P013,T008,2026-06-01T13:56:05
PG00512,P013,T011,2026-06-14T06:17:30
PG00513,P013,T006,2026-06-07T06:48:50
PG00514,P013,T005,2026-06-09T16:14:19
PG00515,P013,T003,2026-06-02T22:21:32
PG00516,P013,T010,2026-06-20T08:56:55
PG00517,P013,T011,2026-06-10T18:09:50
PG00518,P013,T007,2026-06-29T20:02:59
PG00519,P013,T008,2026-06-02T03:11:37
PG00520,P013,T005,2026-06-13T04:59:47
PG00521,P013,T007,2026-06-07T23:23:53
PG00522,P013,T009,2026-06-08T22:57:54
PG00523,P013,T009,2026-06-26T00:42:39
PG00524,P013,T007,2026-06-26T13:04:29
PG00525,P013,T008,2026-06-18T17:38:47
PG00526,P013,T006,2026-06-30T20:35:41
PG00527,P013,T009,2026-06-11T14:08:25
PG00528,P014,T003,2026-06-01T11:36:35
PG00529,P014,T010,2026-06-08T01:04:00
PG00530,P014,T005,2026-06-02T17:10:24
PG00531,P014,T009,2026-06-12T21:15:44
PG00532,P014,T004,2026-06-06T03:38:44
PG00533,P014,T004,2026-06-22T08:46:48
PG00534,P014,T005,2026-06-18T02:02:08
PG00535,P014,T004,2026-06-19T14:08:31
PG00536,P014,T006,2026-06-30T06:19:28
PG00537,P014,T003,2026-06-08T21:34:22
PG00538,P014,T006,2026-06-26T13:03:46
PG00539,P014,T010,2026-06-01T12:48:15
PG00540,P014,T010,2026-06-19T05:10:25
PG00541,P014,T010,2026-07-01T06:51:12
PG00542,P014,T008,2026-06-18T11:15:08
PG00543,P014,T003,2026-06-16T01:22:55
PG00544,P014,T002,2026-06-02T08:28:10
PG00545,P014,T010,2026-06-08T00:43:32
PG00546,P014,T009,2026-06-16T00:01:29
PG00547,P014,T006,2026-06-30T22:21:35
PG00548,P014,T004,2026-06-26T04:45:03
PG00549,P014,T006,2026-06-23T06:27:40
PG00550,P014,T006,2026-06-02T00:47:52
PG00551,P014,T003,2026-06-19T05:09:26
PG00552,P014,T002,2026-06-28T19:09:42
PG00553,P014,T006,2026-07-01T02:38:26
PG00554,P014,T006,2026-06-23T14:24:11
PG00555,P014,T010,2026-06-04T12:15:13
PG00556,P014,T005,2026-06-11T04:58:04
PG00557,P014,T003,2026-06-24T15:54:21
PG00558,P014,T011,2026-07-01T17:44:18
PG00559,P014,T011,2026-06-11T06:20:33
PG00560,P014,T012,2026-07-01T20:27:39
PG00561,P014,T012,2026-06-29T22:20:40
PG00562,P014,T006,2026-06-08T21:26:34
PG00563,P014,T003,2026-06-13T11:10:15
PG00564,P014,T012,2026-06-23T10:43:22
PG00565,P015,T003,2026-06-24T00:03:55
PG00566,P015,T012,2026-07-01T20:51:22
PG00567,P015,T007,2026-06-28T20:39:41
PG00568,P015,T001,2026-06-06T21:55:56
PG00569,P015,T006,2026-06-30T22:15:34
PG00570,P015,T004,2026-06-21T20:35:27
PG00571,P015,T002,2026-06-30T18:03:55
PG00572,P015,T003,2026-06-11T02:49:58
PG00573,P015,T004,2026-06-12T11:37:59
PG00574,P015,T003,2026-06-21T03:13:49
PG00575,P015,T012,2026-06-22T23:16:08
PG00576,P015,T012,2026-06-29T12:13:27
PG00577,P015,T008,2026-06-01T09:39:21
PG00578,P015,T004,2026-06-08T02:28:05
PG00579,P015,T006,2026-06-09T03:56:00
PG00580,P015,T012,2026-06-01T01:45:10
PG00581,P015,T007,2026-06-15T15:16:44
PG00582,P015,T003,2026-06-29T15:04:26
PG00583,P015,T008,2026-06-29T13:47:18
PG00584,P015,T006,2026-06-18T13:39:57
PG00585,P015,T002,2026-06-27T17:27:27
PG00586,P015,T010,2026-06-21T08:12:47
PG00587,P015,T003,2026-06-15T02:41:01
PG00588,P015,T001,2026-06-10T00:43:51
PG00589,P015,T006,2026-06-09T03:48:46
PG00590,P015,T002,2026-06-11T06:11:36
PG00591,P015,T007,2026-06-06T02:43:50
PG00592,P015,T009,2026-07-01T03:23:23
PG00593,P016,T010,2026-06-20T17:34:33
PG00594,P016,T012,2026-06-01T15:42:14
PG00595,P016,T011,2026-06-06T22:06:42
PG00596,P016,T007,2026-06-06T01:56:59
PG00597,P016,T002,2026-06-11T07:29:01
PG00598,P016,T004,2026-06-14T20:10:28
PG00599,P016,T012,2026-06-30T19:39:55
PG00600,P016,T005,2026-06-22T10:14:59
PG00601,P016,T005,2026-06-08T03:29:31
PG00602,P016,T001,2026-06-13T20:49:03
PG00603,P016,T009,2026-06-27T17:52:29
PG00604,P016,T003,2026-06-02T13:08:14
PG00605,P016,T001,2026-06-14T03:11:25
PG00606,P016,T005,2026-06-27T22:45:31
PG00607,P016,T010,2026-06-16T07:16:11
PG00608,P016,T002,2026-06-01T07:32:05
PG00609,P016,T003,2026-06-21T10:37:28
PG00610,P016,T002,2026-06-16T04:12:19
PG00611,P016,T005,2026-06-26T14:28:16
PG00612,P016,T008,2026-06-16T09:38:54
PG00613,P016,T002,2026-06-21T19:48:39
PG00614,P016,T007,2026-06-06T13:30:30
PG00615,P016,T007,2026-06-12T06:47:35
PG00616,P016,T008,2026-06-02T09:35:10
PG00617,P016,T008,2026-06-15T09:35:24
PG00618,P016,T004,2026-06-27T09:46:40
PG00619,P016,T010,2026-06-02T05:30:08
PG00620,P016,T012,2026-06-22T03:31:15
PG00621,P016,T002,2026-06-22T12:31:01
PG00622,P016,T009,2026-06-14T21:28:16
PG00623,P016,T004,2026-06-18T02:13:13
PG00624,P016,T007,2026-06-27T19:01:35
PG00625,P016,T007,2026-07-01T19:29:50
PG00626,P016,T011,2026-06-28T17:17:16
PG00627,P016,T010,2026-06-29T08:34:46
PG00628,P016,T008,2026-06-10T02:52:28
PG00629,P016,T007,2026-06-29T01:15:51
PG00630,P016,T009,2026-06-19T18:49:00
PG00631,P016,T010,2026-06-22T22:35:00
PG00632,P016,T003,2026-06-04T16:20:56
PG00633,P016,T003,2026-07-01T06:05:10
PG00634,P017,T004,2026-06-05T01:33:13
PG00635,P017,T007,2026-06-03T15:51:07
PG00636,P017,T004,2026-06-27T22:50:11
PG00637,P017,T003,2026-06-27T21:39:54
PG00638,P017,T005,2026-06-11T02:26:23
PG00639,P017,T002,2026-06-13T20:15:23
PG00640,P017,T007,2026-06-18T11:52:26
PG00641,P017,T005,2026-06-17T16:40:51
PG00642,P017,T001,2026-06-26T22:41:05
PG00643,P017,T010,2026-06-17T15:16:37
PG00644,P017,T002,2026-06-14T05:26:53
PG00645,P017,T003,2026-06-19T21:24:21
PG00646,P017,T010,2026-06-25T03:38:53
PG00647,P017,T002,2026-06-19T03:40:37
PG00648,P017,T005,2026-06-28T19:30:06
PG00649,P017,T006,2026-06-29T14:57:36
PG00650,P017,T005,2026-06-13T23:50:24
PG00651,P017,T008,2026-06-19T22:10:17
PG00652,P017,T008,2026-06-02T06:16:10
PG00653,P017,T005,2026-06-13T05:14:15
PG00654,P017,T010,2026-06-20T14:37:34
PG00655,P017,T001,2026-06-13T12:04:09
PG00656,P017,T012,2026-06-08T01:47:40
PG00657,P017,T012,2026-06-16T09:46:43
PG00658,P017,T006,2026-06-01T12:18:04
PG00659,P017,T005,2026-06-10T10:12:25
PG00660,P017,T008,2026-06-28T03:34:33
PG00661,P017,T004,2026-06-05T10:56:24
PG00662,P017,T012,2026-06-15T11:40:56
PG00663,P017,T005,2026-06-24T15:10:27
PG00664,P017,T010,2026-06-21T03:15:03
PG00665,P017,T004,2026-06-15T07:41:47
PG00666,P017,T007,2026-06-24T17:38:19
PG00667,P018,T006,2026-06-27T02:02:47
PG00668,P018,T009,2026-06-26T05:47:16
PG00669,P018,T002,2026-06-10T18:27:06
PG00670,P018,T007,2026-06-05T19:05:19
PG00671,P018,T010,2026-06-01T06:19:32
PG00672,P018,T004,2026-06-29T07:18:29
PG00673,P018,T001,2026-06-08T01:12:14
PG00674,P018,T008,2026-06-02T13:07:15
PG00675,P018,T012,2026-06-07T09:58:30
PG00676,P018,T006,2026-06-27T16:54:06
PG00677,P018,T009,2026-06-13T23:08:04
PG00678,P018,T002,2026-06-22T01:06:45
PG00679,P018,T004,2026-06-12T17:47:46
PG00680,P018,T010,2026-06-15T06:27:56
PG00681,P018,T008,2026-06-19T20:04:24
PG00682,P018,T006,2026-06-12T05:57:12
PG00683,P018,T005,2026-06-24T03:17:27
PG00684,P018,T005,2026-06-01T14:04:27
PG00685,P018,T001,2026-06-06T20:50:07
PG00686,P018,T004,2026-06-28T08:03:32
PG00687,P018,T011,2026-06-08T07:31:36
PG00688,P018,T005,2026-06-21T14:54:34
PG00689,P018,T009,2026-06-01T00:19:26
PG00690,P018,T008,2026-06-30T04:49:02
PG00691,P018,T011,2026-06-06T21:53:12
PG00692,P018,T001,2026-06-08T09:11:21
PG00693,P018,T010,2026-06-26T11:07:17
PG00694,P018,T012,2026-07-01T23:24:05
PG00695,P018,T005,2026-06-14T13:42:25
PG00696,P018,T006,2026-06-15T09:10:29
PG00697,P018,T004,2026-06-15T11:00:02
PG00698,P018,T011,2026-06-17T22:42:17
PG00699,P018,T007,2026-06-19T03:43:30
PG00700,P018,T001,2026-06-17T13:37:31
PG00701,P018,T009,2026-06-21T21:37:06
PG00702,P018,T010,2026-06-10T10:52:01
PG00703,P018,T011,2026-06-04T17:32:22
PG00704,P018,T002,2026-06-11T10:03:59
PG00705,P018,T011,2026-06-11T10:04:51
PG00706,P018,T005,2026-06-21T23:43:09
PG00707,P018,T005,2026-06-07T05:27:31
PG00708,P018,T009,2026-06-25T08:44:56
PG00709,P018,T001,2026-06-26T21:50:47
PG00710,P018,T007,2026-06-22T11:38:08
PG00711,P018,T011,2026-06-05T00:55:36
PG00712,P018,T011,2026-06-16T10:45:45
PG00713,P018,T005,2026-06-30T15:14:22
PG00714,P018,T007,2026-06-13T01:17:09
PG00715,P018,T010,2026-06-23T20:49:38
PG00716,P018,T004,2026-06-11T08:05:45
PG00717,P018,T011,2026-06-18T23:14:25
PG00718,P018,T008,2026-06-30T13:03:08
PG00719,P018,T009,2026-06-10T06:11:20
PG00720,P019,T003,2026-06-10T03:33:13
PG00721,P019,T008,2026-06-05T09:25:02
PG00722,P019,T012,2026-06-26T20:21:13
PG00723,P019,T003,2026-07-01T12:13:12
PG00724,P019,T011,2026-06-03T08:05:31
PG00725,P019,T006,2026-06-08T11:10:50
PG00726,P019,T007,2026-06-26T12:03:46
PG00727,P019,T006,2026-06-09T21:19:11
PG00728,P019,T005,2026-06-15T04:17:17
PG00729,P019,T008,2026-06-02T23:05:51
PG00730,P019,T010,2026-06-19T22:35:50
PG00731,P019,T002,2026-06-16T07:04:59
PG00732,P019,T009,2026-06-04T13:53:46
PG00733,P019,T009,2026-06-10T15:02:26
PG00734,P019,T001,2026-06-28T05:29:22
PG00735,P019,T003,2026-06-07T12:28:34
PG00736,P019,T007,2026-06-19T16:39:34
PG00737,P019,T003,2026-06-11T06:33:59
PG00738,P019,T002,2026-06-16T12:06:38
PG00739,P019,T011,2026-06-06T11:24:39
PG00740,P019,T011,2026-06-02T00:10:17
PG00741,P019,T008,2026-06-09T07:37:24
PG00742,P019,T003,2026-06-19T05:46:06
PG00743,P019,T008,2026-06-26T03:12:19
PG00744,P019,T003,2026-06-20T15:47:27
PG00745,P019,T011,2026-06-14T14:41:13
PG00746,P019,T007,2026-07-01T17:22:53
PG00747,P019,T007,2026-06-01T01:22:24
PG00748,P019,T009,2026-06-07T13:35:03
PG00749,P019,T001,2026-06-29T11:43:53
PG00750,P019,T009,2026-06-07T00:39:08
PG00751,P019,T011,2026-06-01T22:49:01
PG00752,P019,T012,2026-06-08T08:14:17
PG00753,P019,T012,2026-06-29T12:32:14
PG00754,P019,T005,2026-06-05T03:44:22
PG00755,P019,T007,2026-06-17T21:25:58
PG00756,P019,T005,2026-06-06T02:22:37
PG00757,P019,T001,2026-06-10T10:35:19
PG00758,P019,T008,2026-06-24T18:56:35
PG00759,P019,T010,2026-06-17T12:18:00
PG00760,P019,T007,2026-06-29T04:52:16
PG00761,P019,T006,2026-06-29T17:50:48
PG00762,P019,T006,2026-06-25T06:51:37
PG00763,P019,T003,2026-07-01T14:41:13
PG00764,P019,T001,2026-06-08T08:10:02
PG00765,P019,T012,2026-06-05T07:41:21
PG00766,P019,T012,2026-06-01T21:28:12
PG00767,P019,T009,2026-06-06T04:29:03
PG00768,P019,T006,2026-06-23T23:41:07
PG00769,P019,T001,2026-06-13T23:18:48
PG00770,P019,T005,2026-06-25T19:28:08
PG00771,P019,T010,2026-06-02T21:37:26
PG00772,P019,T001,2026-06-22T03:56:10
PG00773,P019,T011,2026-06-27T00:43:07
PG00774,P019,T001,2026-06-23T04:12:56
PG00775,P020,T008,2026-06-13T04:29:59
PG00776,P020,T009,2026-06-09T17:16:20
PG00777,P020,T012,2026-06-05T07:28:54
PG00778,P020,T012,2026-06-22T22:56:56
PG00779,P020,T001,2026-06-10T15:19:24
PG00780,P020,T011,2026-06-04T18:56:37
PG00781,P020,T005,2026-06-20T22:03:01
PG00782,P020,T012,2026-06-05T15:14:56
PG00783,P020,T002,2026-06-17T22:29:22
PG00784,P020,T002,2026-06-10T04:09:03
PG00785,P020,T002,2026-06-16T07:13:57
PG00786,P020,T010,2026-06-07T09:34:31
PG00787,P020,T009,2026-06-07T13:01:53
PG00788,P020,T012,2026-06-14T10:45:12
PG00789,P020,T003,2026-06-02T19:57:25
PG00790,P020,T008,2026-06-30T07:33:42
PG00791,P020,T012,2026-06-30T17:30:01
PG00792,P020,T006,2026-06-08T00:05:58
PG00793,P020,T001,2026-06-22T03:14:25
PG00794,P020,T002,2026-06-27T20:54:15
PG00795,P020,T011,2026-06-16T05:25:48
PG00796,P020,T002,2026-06-25T18:37:50
PG00797,P020,T002,2026-06-24T03:41:16
PG00798,P020,T005,2026-06-21T08:24:58
PG00799,P020,T008,2026-06-10T09:36:59
PG00800,P020,T008,2026-06-02T03:38:02
PG00801,P020,T003,2026-06-28T01:26:10
PG00802,P020,T005,2026-06-12T11:23:07
PG00803,P020,T007,2026-06-24T04:13:11
PG00804,P020,T002,2026-06-28T01:40:14
PG00805,P020,T001,2026-06-28T05:02:19
PG00806,P020,T011,2026-06-21T06:12:29
PG00807,P020,T006,2026-06-12T15:56:12
PG00808,P020,T010,2026-06-09T03:23:03
PG00809,P020,T006,2026-06-27T12:28:41
PG00810,P020,T003,2026-06-04T14:35:30
PG00811,P020,T007,2026-07-01T16:37:19
PG00812,P020,T005,2026-06-27T14:02:36
PG00813,P020,T012,2026-06-28T17:24:44
PG00814,P020,T007,2026-06-21T06:04:20
PG00815,P020,T002,2026-06-05T02:08:06
PG00816,P020,T003,2026-06-04T15:08:49
PG00817,P020,T010,2026-06-16T20:42:52
PG00818,P020,T011,2026-06-15T06:35:58
PG00819,P020,T010,2026-06-13T13:03:22
PG00820,P020,T010,2026-06-01T04:45:25
PG00821,P021,T008,2026-06-04T14:58:27
PG00822,P021,T008,2026-06-02T02:18:21
PG00823,P021,T005,2026-06-21T11:26:27
PG00824,P021,T001,2026-06-23T19:06:28
PG00825,P021,T012,2026-06-19T20:34:17
PG00826,P021,T004,2026-07-01T12:19:01
PG00827,P021,T009,2026-06-17T22:30:33
PG00828,P021,T002,2026-06-14T09:03:01
PG00829,P021,T008,2026-06-12T23:21:10
PG00830,P021,T007,2026-06-05T20:19:43
PG00831,P021,T010,2026-06-02T00:25:26
PG00832,P021,T011,2026-06-30T05:42:48
PG00833,P021,T009,2026-06-28T17:05:10
PG00834,P021,T008,2026-06-28T06:01:19
PG00835,P021,T002,2026-06-25T17:54:01
PG00836,P021,T006,2026-06-08T12:02:51
PG00837,P021,T005,2026-06-02T18:27:24
PG00838,P021,T004,2026-06-18T23:25:20
PG00839,P021,T007,2026-06-13T08:33:21
PG00840,P021,T002,2026-06-15T16:10:20
PG00841,P021,T010,2026-06-15T03:12:16
PG00842,P021,T008,2026-06-15T11:30:26
PG00843,P021,T002,2026-06-16T23:47:18
PG00844,P021,T001,2026-06-04T14:41:19
PG00845,P021,T007,2026-06-02T20:17:04
PG00846,P021,T009,2026-06-01T03:18:33
PG00847,P021,T010,2026-07-01T22:32:22
PG00848,P021,T011,2026-06-10T18:30:28
PG00849,P021,T009,2026-06-07T23:49:59
PG00850,P021,T011,2026-06-15T12:24:36
PG00851,P021,T006,2026-06-27T01:58:33
PG00852,P021,T004,2026-06-28T16:32:46
PG00853,P021,T006,2026-06-18T22:33:52
PG00854,P021,T010,2026-06-16T23:55:36
PG00855,P021,T006,2026-06-23T16:28:34
PG00856,P021,T002,2026-06-04T23:59:24
PG00857,P021,T004,2026-06-01T12:25:42
PG00858,P021,T006,2026-06-27T23:04:15
PG00859,P021,T005,2026-06-18T19:00:17
PG00860,P021,T006,2026-06-23T03:52:15
PG00861,P021,T001,2026-06-29T05:58:36
PG00862,P021,T008,2026-06-05T14:53:56
PG00863,P021,T002,2026-06-09T22:14:25
PG00864,P021,T004,2026-06-07T04:23:46
PG00865,P021,T007,2026-06-07T16:38:25
PG00866,P021,T004,2026-06-23T12:18:13
PG00867,P021,T002,2026-06-25T15:05:25
PG00868,P021,T001,2026-06-30T23:03:20
PG00869,P021,T011,2026-06-19T04:29:10
PG00870,P021,T008,2026-06-15T23:58:25
PG00871,P022,T009,2026-06-05T18:09:42
PG00872,P022,T001,2026-06-17T01:46:06
PG00873,P022,T009,2026-06-30T15:45:29
PG00874,P022,T010,2026-06-16T18:30:28
PG00875,P022,T003,2026-06-23T21:03:52
PG00876,P022,T003,2026-06-24T04:40:27
PG00877,P022,T002,2026-06-13T23:56:22
PG00878,P022,T010,2026-06-20T11:43:04
PG00879,P022,T009,2026-06-29T14:00:18
PG00880,P022,T007,2026-06-20T09:02:17
PG00881,P022,T005,2026-06-13T12:28:59
PG00882,P022,T005,2026-06-15T04:51:21
PG00883,P022,T003,2026-06-14T21:56:14
PG00884,P022,T012,2026-06-29T18:39:07
PG00885,P022,T005,2026-06-27T19:56:42
PG00886,P022,T006,2026-06-23T20:09:19
PG00887,P022,T011,2026-06-07T07:18:50
PG00888,P022,T004,2026-06-20T10:34:46
PG00889,P022,T011,2026-06-12T04:49:49
PG00890,P022,T012,2026-06-21T06:28:26
PG00891,P022,T009,2026-06-18T23:11:16
PG00892,P022,T006,2026-06-23T04:12:06
PG00893,P022,T006,2026-06-18T17:29:23
PG00894,P022,T010,2026-06-19T15:11:59
PG00895,P022,T011,2026-06-24T19:26:19
PG00896,P022,T005,2026-06-29T15:22:43
PG00897,P022,T001,2026-06-17T03:52:35
PG00898,P022,T001,2026-06-13T05:17:28
PG00899,P022,T001,2026-06-22T02:03:39
PG00900,P022,T004,2026-06-09T05:51:34
PG00901,P022,T005,2026-06-22T09:07:21
PG00902,P022,T003,2026-06-27T02:15:30
PG00903,P022,T012,2026-06-26T10:44:44
PG00904,P022,T004,2026-06-25T19:42:12
PG00905,P022,T001,2026-06-12T16:28:42
PG00906,P022,T002,2026-06-20T20:27:27
PG00907,P022,T004,2026-06-24T23:33:39
PG00908,P022,T009,2026-06-13T08:39:02
PG00909,P022,T009,2026-06-26T10:28:21
PG00910,P022,T012,2026-06-22T01:42:37
PG00911,P022,T007,2026-06-13T15:10:00
PG00912,P022,T011,2026-06-11T20:06:08
PG00913,P022,T001,2026-06-01T09:09:03
PG00914,P022,T004,2026-06-20T16:07:53
PG00915,P022,T004,2026-06-30T23:04:31
PG00916,P022,T012,2026-06-23T23:34:46
PG00917,P022,T006,2026-06-25T21:25:20
PG00918,P022,T009,2026-06-24T21:58:07
PG00919,P022,T004,2026-06-25T07:02:42
PG00920,P022,T005,2026-06-15T06:27:35
PG00921,P022,T011,2026-06-03T06:48:27
PG00922,P022,T003,2026-06-24T18:42:30
PG00923,P022,T002,2026-06-13T01:28:46
PG00924,P022,T007,2026-06-09T20:15:54
PG00925,P022,T005,2026-06-05T05:51:33
PG00926,P022,T010,2026-06-28T09:17:05
PG00927,P022,T001,2026-06-11T16:58:42
PG00928,P023,T001,2026-06-05T11:44:47
PG00929,P023,T010,2026-06-02T22:46:08
PG00930,P023,T010,2026-06-27T10:57:52
PG00931,P023,T008,2026-06-26T20:51:01
PG00932,P023,T009,2026-06-12T02:39:12
PG00933,P023,T012,2026-06-11T19:07:44
PG00934,P023,T004,2026-07-01T06:41:40
PG00935,P023,T009,2026-06-03T18:23:29
PG00936,P023,T003,2026-06-14T19:46:22
PG00937,P023,T009,2026-06-13T03:20:51
PG00938,P023,T006,2026-06-08T07:46:04
PG00939,P023,T011,2026-06-11T12:03:13
PG00940,P023,T006,2026-06-10T07:57:12
PG00941,P023,T010,2026-06-17T17:17:20
PG00942,P023,T009,2026-06-27T23:38:25
PG00943,P023,T001,2026-06-04T12:35:51
PG00944,P023,T008,2026-06-08T23:23:02
PG00945,P023,T010,2026-06-30T22:36:52
PG00946,P023,T004,2026-07-01T01:27:06
PG00947,P023,T011,2026-06-29T11:41:05
PG00948,P023,T007,2026-06-30T04:07:40
PG00949,P023,T007,2026-06-09T19:40:09
PG00950,P023,T012,2026-06-10T00:53:58
PG00951,P023,T009,2026-06-27T13:39:06
PG00952,P023,T009,2026-06-26T18:31:20
PG00953,P023,T008,2026-06-16T01:35:47
PG00954,P023,T005,2026-06-29T23:43:17
PG00955,P023,T004,2026-06-11T18:42:37
PG00956,P023,T002,2026-07-01T03:29:37
PG00957,P024,T009,2026-06-18T00:16:00
PG00958,P024,T011,2026-06-03T07:40:27
PG00959,P024,T011,2026-06-21T07:45:41
PG00960,P024,T011,2026-06-14T03:47:01
PG00961,P024,T004,2026-06-18T15:50:47
PG00962,P024,T011,2026-06-27T02:37:32
PG00963,P024,T012,2026-06-22T05:35:52
PG00964,P024,T001,2026-06-15T12:04:38
PG00965,P024,T001,2026-06-03T02:40:00
PG00966,P024,T001,2026-06-06T09:10:18
PG00967,P024,T009,2026-06-03T20:56:01
PG00968,P024,T004,2026-06-30T09:25:01
PG00969,P024,T007,2026-06-13T16:25:29
PG00970,P024,T011,2026-06-13T15:45:57
PG00971,P024,T006,2026-06-01T14:10:52
PG00972,P024,T011,2026-06-04T19:28:21
PG00973,P024,T001,2026-06-21T22:30:48
PG00974,P024,T002,2026-06-25T21:19:16
PG00975,P024,T001,2026-06-23T02:38:34
PG00976,P024,T006,2026-06-30T18:18:27
PG00977,P024,T002,2026-06-10T10:58:18
PG00978,P024,T010,2026-06-03T10:14:59
PG00979,P024,T008,2026-06-13T14:23:08
PG00980,P024,T011,2026-06-01T17:15:26
PG00981,P024,T003,2026-06-18T08:00:18
PG00982,P024,T003,2026-06-24T14:14:08
PG00983,P024,T009,2026-06-10T23:05:05
PG00984,P024,T003,2026-06-10T23:35:26
PG00985,P024,T006,2026-07-01T00:24:21
PG00986,P024,T009,2026-06-28T20:12:34
PG00987,P025,T002,2026-06-02T00:10:59
PG00988,P025,T010,2026-06-20T14:20:53
PG00989,P025,T009,2026-06-18T03:05:57
PG00990,P025,T005,2026-06-07T12:31:09
PG00991,P025,T004,2026-06-14T23:31:03
PG00992,P025,T009,2026-06-05T05:51:36
PG00993,P025,T003,2026-06-08T22:27:36
PG00994,P025,T005,2026-06-07T04:10:23
PG00995,P025,T003,2026-06-22T20:39:16
PG00996,P025,T001,2026-06-28T19:58:59
PG00997,P025,T008,2026-06-21T20:00:45
PG00998,P025,T002,2026-06-10T02:27:09
PG00999,P025,T005,2026-06-04T07:11:15
PG01000,P025,T012,2026-06-19T17:44:17
PG01001,P025,T006,2026-06-12T04:40:05
PG01002,P025,T011,2026-06-21T08:32:20
PG01003,P025,T002,2026-06-10T22:33:21
PG01004,P025,T002,2026-06-29T07:02:42
PG01005,P025,T006,2026-06-16T16:24:27
PG01006,P025,T006,2026-06-20T11:07:45
PG01007,P025,T012,2026-06-19T05:32:54
PG01008,P025,T010,2026-06-19T13:16:14
PG01009,P025,T006,2026-07-01T15:35:39
PG01010,P025,T003,2026-06-01T11:24:13
PG01011,P025,T004,2026-06-26T08:03:55
PG01012,P025,T012,2026-06-24T23:19:55
PG01013,P025,T007,2026-06-09T13:05:18
PG01014,P025,T003,2026-06-22T12:04:18
PG01015,P025,T008,2026-06-15T16:12:53
PG01016,P026,T005,2026-06-16T20:05:08
PG01017,P026,T002,2026-06-06T23:30:13
PG01018,P026,T010,2026-06-03T10:13:00
PG01019,P026,T003,2026-06-29T19:36:37
PG01020,P026,T004,2026-06-09T22:48:52
PG01021,P026,T002,2026-06-24T02:44:42
PG01022,P026,T001,2026-06-28T18:27:56
PG01023,P026,T011,2026-06-01T21:11:09
PG01024,P026,T010,2026-06-13T21:28:57
PG01025,P026,T004,2026-06-30T01:20:04
PG01026,P026,T009,2026-06-09T19:47:13
PG01027,P026,T009,2026-06-16T23:48:29
PG01028,P026,T003,2026-06-12T14:17:25
PG01029,P026,T004,2026-06-29T21:28:00
PG01030,P026,T012,2026-06-28T10:35:41
PG01031,P026,T003,2026-06-15T18:14:43
PG01032,P026,T009,2026-06-03T14:26:47
PG01033,P026,T006,2026-06-17T00:23:08
PG01034,P026,T011,2026-06-08T22:21:22
PG01035,P026,T011,2026-06-06T18:43:08
PG01036,P026,T003,2026-06-15T05:47:49
PG01037,P026,T003,2026-06-19T20:36:02
PG01038,P026,T011,2026-06-28T05:19:22
PG01039,P026,T012,2026-06-24T17:36:13
PG01040,P026,T006,2026-06-02T07:58:01
PG01041,P026,T008,2026-06-08T02:17:19
PG01042,P026,T005,2026-06-12T08:31:13
PG01043,P026,T001,2026-06-22T07:31:42
PG01044,P026,T009,2026-06-30T13:09:09
PG01045,P026,T007,2026-06-16T16:33:11
PG01046,P026,T001,2026-06-02T23:36:43
PG01047,P026,T006,2026-06-04T18:58:57
PG01048,P026,T011,2026-06-27T09:57:27
PG01049,P026,T012,2026-06-09T21:04:02
PG01050,P026,T009,2026-06-19T06:19:46
PG01051,P026,T007,2026-06-21T13:46:53
PG01052,P026,T006,2026-06-19T23:47:14
PG01053,P026,T002,2026-06-17T09:09:35
PG01054,P026,T007,2026-06-30T08:06:55
PG01055,P026,T009,2026-06-13T12:50:55
PG01056,P026,T006,2026-06-16T17:33:11
PG01057,P026,T010,2026-06-01T18:16:16
PG01058,P027,T008,2026-06-06T08:22:25
PG01059,P027,T002,2026-06-17T23:25:41
PG01060,P027,T005,2026-06-07T05:28:12
PG01061,P027,T003,2026-06-06T13:11:17
PG01062,P027,T010,2026-06-23T04:18:29
PG01063,P027,T011,2026-06-08T15:05:44
PG01064,P027,T006,2026-06-24T04:07:35
PG01065,P027,T008,2026-06-22T17:25:59
PG01066,P027,T008,2026-06-07T21:30:36
PG01067,P027,T003,2026-06-21T14:57:37
PG01068,P027,T001,2026-06-08T01:34:15
PG01069,P027,T003,2026-06-19T21:34:00
PG01070,P027,T003,2026-06-05T22:55:15
PG01071,P027,T009,2026-06-02T20:50:08
PG01072,P027,T003,2026-06-02T06:03:22
PG01073,P027,T005,2026-06-30T06:33:17
PG01074,P027,T009,2026-07-01T14:45:43
PG01075,P027,T010,2026-06-19T23:12:54
PG01076,P027,T001,2026-06-29T10:19:12
PG01077,P027,T002,2026-06-07T16:21:17
PG01078,P027,T010,2026-06-16T17:32:13
PG01079,P027,T003,2026-06-08T14:57:20
PG01080,P027,T010,2026-06-05T21:12:48
PG01081,P027,T003,2026-06-20T18:35:52
PG01082,P027,T005,2026-06-06T12:28:34
PG01083,P027,T008,2026-06-20T21:30:10
PG01084,P027,T002,2026-06-08T13:46:12
PG01085,P027,T007,2026-06-05T03:57:10
PG01086,P028,T004,2026-06-17T18:21:47
PG01087,P028,T011,2026-06-14T05:26:43
PG01088,P028,T010,2026-06-04T06:27:35
PG01089,P028,T008,2026-06-29T22:22:56
PG01090,P028,T010,2026-06-02T19:20:55
PG01091,P028,T009,2026-06-25T04:16:43
PG01092,P028,T002,2026-06-16T04:44:42
PG01093,P028,T010,2026-06-18T00:02:37
PG01094,P028,T011,2026-06-21T15:42:37
PG01095,P028,T009,2026-06-14T13:29:06
PG01096,P028,T001,2026-06-23T19:17:24
PG01097,P028,T007,2026-06-08T17:33:12
PG01098,P028,T007,2026-06-12T21:26:47
PG01099,P028,T012,2026-06-30T20:58:33
PG01100,P028,T002,2026-06-14T04:52:28
PG01101,P028,T005,2026-06-16T08:27:55
PG01102,P028,T002,2026-06-10T21:46:59
PG01103,P028,T009,2026-06-14T09:23:11
PG01104,P028,T004,2026-06-01T00:15:32
PG01105,P028,T010,2026-06-17T04:17:24
PG01106,P028,T009,2026-06-01T13:39:15
PG01107,P029,T012,2026-06-26T11:30:05
PG01108,P029,T007,2026-06-12T03:52:50
PG01109,P029,T003,2026-06-14T23:43:23
PG01110,P029,T010,2026-06-09T09:30:49
PG01111,P029,T009,2026-06-14T20:33:32
PG01112,P029,T006,2026-06-20T10:01:58
PG01113,P029,T011,2026-06-13T07:24:58
PG01114,P029,T007,2026-06-18T20:18:00
PG01115,P029,T008,2026-06-06T13:28:44
PG01116,P029,T009,2026-06-18T17:36:47
PG01117,P029,T005,2026-06-10T21:01:53
PG01118,P029,T006,2026-06-25T14:29:43
PG01119,P029,T012,2026-06-05T04:20:08
PG01120,P029,T012,2026-06-08T16:15:36
PG01121,P029,T012,2026-07-01T05:53:26
PG01122,P029,T002,2026-06-07T18:30:29
PG01123,P029,T007,2026-06-26T12:19:19
PG01124,P029,T009,2026-06-20T01:53:42
PG01125,P029,T003,2026-06-13T23:09:05
PG01126,P029,T001,2026-06-26T03:18:59
PG01127,P029,T003,2026-06-16T21:51:15
PG01128,P029,T007,2026-06-03T02:19:59
PG01129,P029,T005,2026-06-08T13:30:06
PG01130,P029,T002,2026-06-20T01:22:28
PG01131,P029,T012,2026-06-13T14:35:13
PG01132,P029,T010,2026-06-21T18:58:09
PG01133,P029,T005,2026-06-23T21:45:11
PG01134,P029,T001,2026-07-01T06:22:53
PG01135,P029,T011,2026-06-16T15:58:56
PG01136,P029,T001,2026-06-07T23:54:59
PG01137,P029,T009,2026-06-10T07:05:25
PG01138,P029,T001,2026-06-26T21:49:39
PG01139,P029,T009,2026-06-17T08:26:05
PG01140,P030,T003,2026-06-22T01:18:46
PG01141,P030,T006,2026-06-08T23:50:54
PG01142,P030,T001,2026-06-06T03:09:42
PG01143,P030,T005,2026-06-25T14:32:34
PG01144,P030,T006,2026-06-22T14:23:12
PG01145,P030,T007,2026-06-19T07:17:35
PG01146,P030,T009,2026-06-01T02:29:53
PG01147,P030,T002,2026-06-18T10:21:29
PG01148,P030,T012,2026-06-27T20:21:24
PG01149,P030,T010,2026-06-12T12:39:04
PG01150,P030,T005,2026-06-08T22:04:37
PG01151,P030,T004,2026-06-15T14:42:27
PG01152,P030,T010,2026-06-01T09:30:23
PG01153,P030,T003,2026-06-14T18:25:53
PG01154,P030,T002,2026-06-18T02:38:07
PG01155,P030,T009,2026-06-10T12:22:40
PG01156,P030,T002,2026-06-26T18:41:17
PG01157,P030,T005,2026-06-29T19:35:04
PG01158,P030,T010,2026-06-09T16:07:14
PG01159,P030,T007,2026-06-19T17:36:30
PG01160,P030,T004,2026-06-25T12:22:00
PG01161,P030,T008,2026-06-22T16:46:27
PG01162,P030,T010,2026-06-28T00:59:44
PG01163,P030,T008,2026-06-04T09:23:12
PG01164,P030,T002,2026-06-13T23:04:15
PG01165,P030,T004,2026-06-22T08:22:17
PG01166,P030,T006,2026-06-14T12:51:21
PG01167,P030,T009,2026-06-18T00:21:14
PG01168,P030,T012,2026-06-27T09:35:17
PG01169,P030,T004,2026-06-10T03:23:10
PG01170,P030,T007,2026-06-22T12:27:05
PG01171,P030,T002,2026-06-18T06:29:54
PG01172,P030,T008,2026-06-11T12:52:18
PG01173,P030,T004,2026-06-29T20:53:17
PG01174,P030,T005,2026-06-06T06:55:25
PG01175,P030,T008,2026-06-24T07:16:10
PG01176,P030,T004,2026-06-24T08:48:46
PG01177,P030,T005,2026-06-07T08:20:42
PG01178,P030,T004,2026-06-27T09:05:28
PG01179,P030,T010,2026-06-12T05:40:46
PG01180,P030,T002,2026-06-04T02:51:27
PG01181,P030,T011,2026-07-01T17:56:14
PG01182,P030,T010,2026-06-01T19:42:52
PG01183,P030,T001,2026-06-28T17:33:34
PG01184,P030,T006,2026-06-20T11:29:02
PG01185,P030,T008,2026-06-29T20:55:03
PG01186,P030,T005,2026-06-16T06:39:29
PG01187,P030,T009,2026-06-09T14:29:10
PG01188,P030,T004,2026-06-25T20:59:44
PG01189,P030,T003,2026-06-02T19:08:29
PG01190,P030,T007,2026-06-16T19:41:19
PG01191,P030,T001,2026-06-17T12:38:39
PG01192,P030,T007,2026-06-28T06:21:51
PG01193,P030,T008,2026-06-04T18:52:02
PG01194,P030,T008,2026-06-11T00:18:23
PG01195,P030,T001,2026-06-22T07:40:23
PG01196,P030,T007,2026-06-19T03:40:05
PG01197,P030,T006,2026-06-12T22:18:38
PG01198,P030,T005,2026-06-06T19:58:21
PG01199,P031,T004,2026-06-09T17:09:40
PG01200,P031,T010,2026-06-11T13:19:22
PG01201,P031,T003,2026-06-16T15:26:07
PG01202,P031,T004,2026-06-14T13:33:19
PG01203,P031,T006,2026-06-28T14:35:06
PG01204,P031,T005,2026-06-15T06:32:58
PG01205,P031,T010,2026-06-05T20:58:03
PG01206,P031,T011,2026-06-08T03:38:10
PG01207,P031,T012,2026-06-09T08:35:07
PG01208,P031,T009,2026-06-14T13:52:03
PG01209,P031,T004,2026-06-05T05:26:41
PG01210,P031,T008,2026-06-26T00:21:16
PG01211,P031,T003,2026-06-14T18:11:23
PG01212,P031,T003,2026-06-29T22:57:40
PG01213,P031,T009,2026-06-18T11:29:43
PG01214,P031,T008,2026-06-10T09:08:15
PG01215,P031,T009,2026-06-28T20:40:27
PG01216,P031,T001,2026-06-13T03:36:12
PG01217,P031,T012,2026-06-06T02:11:09
PG01218,P031,T004,2026-06-27T09:15:30
PG01219,P031,T008,2026-06-27T22:55:57
PG01220,P031,T002,2026-06-15T12:11:04
PG01221,P031,T005,2026-06-12T13:07:06
PG01222,P031,T009,2026-06-18T09:22:59
PG01223,P031,T006,2026-06-01T14:59:30
PG01224,P031,T002,2026-06-12T22:02:54
PG01225,P031,T004,2026-06-19T20:58:03
PG01226,P031,T011,2026-06-21T19:36:14
PG01227,P031,T003,2026-06-25T10:21:44
PG01228,P031,T006,2026-06-11T18:35:04
PG01229,P031,T008,2026-06-25T16:16:20
PG01230,P031,T002,2026-06-13T22:20:34
PG01231,P031,T005,2026-06-15T22:59:59
PG01232,P031,T003,2026-06-28T06:06:04
PG01233,P031,T011,2026-06-26T12:17:02
PG01234,P031,T007,2026-06-21T22:17:36
PG01235,P032,T007,2026-06-28T02:35:51
PG01236,P032,T002,2026-06-06T12:30:39
PG01237,P032,T004,2026-06-11T11:32:13
PG01238,P032,T011,2026-06-10T09:44:18
PG01239,P032,T010,2026-06-21T14:23:53
PG01240,P032,T005,2026-06-29T16:11:53
PG01241,P032,T006,2026-06-24T21:22:08
PG01242,P032,T009,2026-07-01T16:23:40
PG01243,P032,T007,2026-06-06T06:41:42
PG01244,P032,T001,2026-06-05T08:32:33
PG01245,P032,T011,2026-06-09T02:54:54
PG01246,P032,T004,2026-06-06T14:27:21
PG01247,P032,T002,2026-06-04T02:19:21
PG01248,P032,T008,2026-06-18T01:57:35
PG01249,P032,T001,2026-06-25T14:27:17
PG01250,P032,T009,2026-06-25T03:01:51
PG01251,P032,T002,2026-06-09T22:30:15
PG01252,P032,T003,2026-06-03T23:50:30
PG01253,P032,T007,2026-06-10T08:21:02
PG01254,P032,T004,2026-06-24T10:20:47
PG01255,P032,T008,2026-06-21T04:36:09
PG01256,P032,T003,2026-06-17T06:12:41
PG01257,P032,T001,2026-06-02T12:59:31
PG01258,P032,T006,2026-06-28T17:20:10
PG01259,P032,T008,2026-06-28T19:40:55
PG01260,P032,T005,2026-06-18T16:11:46
PG01261,P032,T003,2026-07-01T19:38:05
PG01262,P032,T003,2026-06-19T21:45:26
PG01263,P032,T008,2026-06-21T23:09:02
PG01264,P032,T010,2026-06-14T19:03:30
PG01265,P032,T011,2026-06-21T19:26:04
PG01266,P032,T005,2026-06-30T12:38:24
PG01267,P032,T008,2026-06-18T08:16:10
PG01268,P032,T002,2026-06-15T11:12:32
PG01269,P032,T006,2026-06-14T09:27:33
PG01270,P032,T003,2026-06-10T00:23:03
PG01271,P032,T001,2026-06-17T04:57:45
PG01272,P032,T006,2026-06-10T17:04:58
PG01273,P032,T009,2026-06-01T17:54:38
PG01274,P032,T008,2026-06-10T00:19:57
PG01275,P032,T007,2026-06-26T10:39:53
PG01276,P032,T010,2026-06-08T00:15:46
PG01277,P032,T009,2026-06-12T06:51:56
PG01278,P032,T007,2026-06-29T20:24:32
PG01279,P032,T007,2026-06-13T09:05:54
PG01280,P032,T003,2026-06-23T23:31:11
PG01281,P032,T007,2026-06-27T13:46:32
PG01282,P032,T004,2026-06-09T02:53:02
PG01283,P032,T007,2026-06-21T08:43:19
PG01284,P032,T009,2026-06-25T22:19:35
PG01285,P032,T012,2026-06-22T09:53:53
PG01286,P032,T005,2026-06-21T19:22:02
PG01287,P032,T005,2026-06-14T06:50:41
PG01288,P032,T002,2026-06-06T04:58:27
PG01289,P032,T005,2026-06-04T23:11:18
PG01290,P032,T008,2026-06-20T16:29:05
PG01291,P033,T012,2026-06-20T17:54:46
PG01292,P033,T004,2026-06-11T00:42:22
PG01293,P033,T003,2026-06-02T19:28:39
PG01294,P033,T001,2026-06-06T03:43:25
PG01295,P033,T005,2026-06-09T04:33:09
PG01296,P033,T012,2026-06-15T00:17:55
PG01297,P033,T004,2026-06-03T05:29:10
PG01298,P033,T001,2026-06-16T07:54:27
PG01299,P033,T006,2026-06-14T11:20:38
PG01300,P033,T008,2026-06-12T16:52:56
PG01301,P033,T012,2026-06-26T01:09:19
PG01302,P033,T006,2026-06-03T05:19:08
PG01303,P033,T001,2026-06-09T14:17:15
PG01304,P033,T002,2026-06-18T17:07:03
PG01305,P033,T003,2026-06-07T09:06:18
PG01306,P033,T007,2026-06-27T00:27:33
PG01307,P033,T002,2026-06-25T09:03:51
PG01308,P033,T007,2026-06-25T16:07:39
PG01309,P033,T004,2026-06-24T01:13:12
PG01310,P033,T004,2026-06-15T03:25:15
PG01311,P033,T009,2026-06-22T07:35:21
PG01312,P033,T008,2026-06-13T11:21:48
PG01313,P033,T006,2026-06-06T22:54:25
PG01314,P033,T012,2026-06-02T20:00:34
PG01315,P033,T009,2026-06-04T09:13:22
PG01316,P033,T008,2026-06-21T10:52:46
PG01317,P033,T004,2026-06-12T01:53:47
PG01318,P033,T011,2026-06-07T04:06:41
PG01319,P033,T004,2026-06-21T15:48:26
PG01320,P033,T006,2026-06-01T06:05:36
PG01321,P033,T005,2026-06-19T04:21:22
PG01322,P033,T007,2026-06-26T08:51:02
PG01323,P033,T001,2026-06-02T21:09:22
PG01324,P033,T012,2026-06-16T21:42:26
PG01325,P033,T003,2026-06-12T03:15:28
PG01326,P033,T004,2026-06-06T18:12:05
PG01327,P033,T002,2026-06-22T22:31:27
PG01328,P034,T011,2026-06-02T02:10:34
PG01329,P034,T006,2026-06-21T05:36:14
PG01330,P034,T012,2026-06-18T03:54:36
PG01331,P034,T003,2026-06-16T08:28:17
PG01332,P034,T006,2026-06-18T23:28:15
PG01333,P034,T006,2026-06-26T15:58:23
PG01334,P034,T012,2026-06-07T00:46:38
PG01335,P034,T012,2026-06-13T13:02:25
PG01336,P034,T012,2026-06-05T09:07:39
PG01337,P034,T001,2026-06-16T15:55:44
PG01338,P034,T009,2026-06-10T19:45:37
PG01339,P034,T012,2026-06-16T06:54:34
PG01340,P034,T010,2026-06-06T19:47:33
PG01341,P034,T006,2026-06-11T17:03:13
PG01342,P034,T005,2026-06-28T21:47:50
PG01343,P034,T009,2026-06-06T02:30:27
PG01344,P034,T009,2026-06-05T16:21:41
PG01345,P034,T005,2026-06-27T09:35:17
PG01346,P034,T009,2026-06-12T16:31:57
PG01347,P034,T001,2026-06-25T23:13:47
PG01348,P034,T009,2026-06-13T06:45:18
PG01349,P034,T001,2026-06-20T13:15:20
PG01350,P034,T010,2026-06-08T11:40:34
PG01351,P034,T012,2026-06-03T23:58:03
PG01352,P034,T009,2026-06-27T14:06:29
PG01353,P034,T004,2026-06-17T18:06:54
PG01354,P034,T009,2026-06-05T22:19:12
PG01355,P034,T005,2026-06-11T14:55:13
PG01356,P034,T011,2026-06-11T04:01:18
PG01357,P034,T002,2026-06-17T23:59:22
PG01358,P034,T002,2026-06-02T04:43:29
PG01359,P034,T003,2026-06-28T01:08:19
PG01360,P034,T004,2026-06-04T17:40:18
PG01361,P034,T004,2026-06-04T01:09:30
PG01362,P034,T010,2026-06-21T14:08:54
PG01363,P034,T011,2026-06-16T19:08:40
PG01364,P034,T010,2026-06-23T21:29:31
PG01365,P034,T005,2026-06-02T13:20:18
PG01366,P034,T004,2026-06-20T02:34:49
PG01367,P034,T001,2026-06-30T07:35:59
PG01368,P034,T011,2026-06-16T02:54:40
PG01369,P035,T011,2026-06-02T13:08:27
PG01370,P035,T009,2026-06-24T15:08:39
PG01371,P035,T006,2026-06-26T02:07:21
PG01372,P035,T010,2026-06-09T19:15:39
PG01373,P035,T001,2026-06-24T02:33:45
PG01374,P035,T005,2026-06-03T07:51:38
PG01375,P035,T009,2026-06-04T03:41:07
PG01376,P035,T012,2026-06-08T19:21:25
PG01377,P035,T007,2026-06-07T07:01:52
PG01378,P035,T009,2026-06-22T09:03:25
PG01379,P035,T010,2026-06-21T06:30:48
PG01380,P035,T009,2026-06-24T20:19:16
PG01381,P035,T007,2026-06-24T03:50:29
PG01382,P035,T011,2026-06-19T13:01:58
PG01383,P035,T011,2026-06-15T15:32:57
PG01384,P035,T002,2026-06-06T06:34:04
PG01385,P035,T009,2026-06-13T18:22:31
PG01386,P035,T006,2026-06-22T05:45:32
PG01387,P035,T009,2026-06-20T16:07:46
PG01388,P035,T006,2026-06-29T11:28:27
PG01389,P035,T009,2026-06-11T13:32:02
PG01390,P035,T007,2026-06-25T23:03:20
PG01391,P035,T007,2026-06-27T11:46:35
PG01392,P035,T010,2026-06-08T20:30:12
PG01393,P035,T009,2026-06-07T13:39:20
PG01394,P035,T009,2026-06-30T09:15:03
PG01395,P035,T006,2026-07-01T16:28:17
PG01396,P035,T008,2026-07-01T14:27:27
PG01397,P035,T001,2026-06-24T01:15:43
PG01398,P035,T005,2026-06-20T00:35:36
PG01399,P035,T009,2026-06-05T10:59:22
PG01400,P035,T001,2026-06-10T08:04:43
PG01401,P035,T004,2026-06-28T11:27:55
PG01402,P035,T001,2026-06-25T10:02:50
PG01403,P035,T009,2026-06-17T20:15:18
PG01404,P035,T010,2026-06-30T20:48:42
PG01405,P035,T003,2026-06-04T01:22:26
PG01406,P035,T008,2026-06-12T05:41:01
PG01407,P035,T003,2026-06-09T13:21:54
PG01408,P035,T010,2026-06-08T08:28:59
PG01409,P035,T005,2026-06-26T10:56:01
PG01410,P035,T002,2026-06-19T14:33:22
PG01411,P035,T010,2026-06-30T07:54:59
PG01412,P035,T012,2026-06-03T11:49:18
PG01413,P035,T008,2026-06-06T17:46:39
PG01414,P035,T012,2026-06-23T20:58:47
PG01415,P035,T002,2026-06-20T23:23:01
PG01416,P035,T005,2026-06-02T20:58:54
PG01417,P035,T007,2026-06-03T02:02:09
PG01418,P036,T006,2026-06-29T15:48:45
PG01419,P036,T007,2026-06-30T04:23:19
PG01420,P036,T004,2026-06-24T23:46:01
PG01421,P036,T010,2026-06-30T00:24:58
PG01422,P036,T011,2026-06-25T23:01:02
PG01423,P036,T007,2026-06-02T11:05:48
PG01424,P036,T009,2026-06-02T11:37:33
PG01425,P036,T009,2026-06-19T05:26:45
PG01426,P036,T006,2026-06-17T08:02:20
PG01427,P036,T003,2026-06-02T14:18:15
PG01428,P036,T008,2026-06-25T21:40:05
PG01429,P036,T010,2026-06-17T03:16:47
PG01430,P036,T004,2026-06-14T10:33:02
PG01431,P036,T007,2026-06-05T04:48:46
PG01432,P036,T006,2026-06-03T17:19:31
PG01433,P036,T010,2026-06-24T01:47:43
PG01434,P036,T009,2026-06-13T09:33:33
PG01435,P036,T002,2026-06-13T18:16:14
PG01436,P036,T007,2026-06-25T04:44:48
PG01437,P036,T003,2026-06-16T20:21:48
PG01438,P036,T004,2026-06-16T14:23:35
PG01439,P036,T011,2026-06-19T07:08:23
PG01440,P036,T009,2026-06-20T19:05:14
PG01441,P036,T004,2026-06-08T02:36:30
PG01442,P036,T005,2026-06-25T15:39:29
PG01443,P036,T006,2026-06-22T20:58:19
PG01444,P036,T002,2026-06-04T15:03:29
PG01445,P036,T007,2026-06-12T12:40:53
PG01446,P036,T004,2026-06-11T12:32:37
PG01447,P036,T010,2026-06-21T00:52:52
PG01448,P036,T005,2026-06-06T12:43:58
PG01449,P036,T010,2026-06-27T16:06:01
PG01450,P036,T010,2026-06-05T16:02:12
PG01451,P036,T001,2026-06-30T08:30:03
PG01452,P036,T004,2026-06-22T13:36:37
PG01453,P036,T003,2026-06-25T03:07:27
PG01454,P036,T002,2026-06-24T01:59:08
PG01455,P036,T004,2026-07-01T22:36:36
PG01456,P036,T003,2026-06-28T10:28:27
PG01457,P036,T001,2026-06-11T04:03:05
PG01458,P036,T005,2026-06-15T17:09:19
PG01459,P037,T006,2026-06-07T19:35:17
PG01460,P037,T004,2026-06-07T19:53:40
PG01461,P037,T009,2026-06-25T09:25:02
PG01462,P037,T009,2026-06-16T22:41:03
PG01463,P037,T012,2026-06-05T00:40:10
PG01464,P037,T007,2026-06-19T19:10:48
PG01465,P037,T001,2026-06-09T06:12:04
PG01466,P037,T001,2026-06-10T07:18:25
PG01467,P037,T012,2026-06-20T09:52:37
PG01468,P037,T001,2026-06-15T23:50:20
PG01469,P037,T001,2026-06-03T14:09:00
PG01470,P037,T011,2026-06-09T13:06:54
PG01471,P037,T002,2026-06-01T10:38:57
PG01472,P037,T011,2026-06-13T08:24:59
PG01473,P037,T007,2026-06-17T03:37:35
PG01474,P037,T006,2026-06-16T21:44:23
PG01475,P037,T009,2026-06-03T06:47:14
PG01476,P037,T004,2026-06-17T16:40:29
PG01477,P037,T009,2026-06-30T00:46:56
PG01478,P037,T001,2026-06-08T19:16:31
PG01479,P037,T005,2026-06-11T17:50:16
PG01480,P038,T012,2026-06-06T00:40:08
PG01481,P038,T006,2026-06-22T12:48:45
PG01482,P038,T006,2026-06-21T11:00:26
PG01483,P038,T004,2026-06-17T10:02:39
PG01484,P038,T001,2026-06-21T09:22:54
PG01485,P038,T007,2026-06-29T01:04:22
PG01486,P038,T009,2026-07-01T10:12:05
PG01487,P038,T004,2026-06-05T12:26:38
PG01488,P038,T007,2026-06-22T04:59:51
PG01489,P038,T002,2026-06-24T13:54:56
PG01490,P038,T009,2026-07-01T22:17:54
PG01491,P038,T011,2026-06-22T08:16:49
PG01492,P038,T007,2026-06-08T20:51:30
PG01493,P038,T003,2026-06-14T11:22:24
PG01494,P038,T010,2026-06-11T16:21:13
PG01495,P038,T009,2026-06-05T07:31:40
PG01496,P038,T011,2026-06-05T21:09:16
PG01497,P038,T009,2026-06-22T07:21:57
PG01498,P038,T003,2026-06-10T19:04:16
PG01499,P038,T003,2026-06-14T05:17:05
PG01500,P038,T011,2026-06-30T20:33:55
PG01501,P038,T003,2026-06-11T02:28:08
PG01502,P038,T009,2026-06-18T04:18:37
PG01503,P038,T003,2026-06-11T05:17:53
PG01504,P038,T012,2026-06-01T11:36:11
PG01505,P038,T007,2026-07-01T14:58:23
PG01506,P038,T005,2026-06-15T23:11:12
PG01507,P038,T012,2026-06-09T05:31:57
PG01508,P038,T004,2026-06-04T04:47:21
PG01509,P038,T003,2026-06-01T22:16:53
PG01510,P038,T010,2026-06-09T22:02:57
PG01511,P038,T010,2026-06-20T08:24:26
PG01512,P038,T010,2026-06-08T08:24:26
PG01513,P038,T011,2026-06-01T13:04:49
PG01514,P038,T002,2026-06-23T17:21:09
PG01515,P038,T003,2026-06-17T22:01:00
PG01516,P038,T008,2026-06-23T23:39:00
PG01517,P038,T006,2026-06-06T14:06:25
PG01518,P038,T008,2026-06-16T05:00:24
PG01519,P038,T003,2026-06-07T08:14:18
PG01520,P038,T001,2026-06-14T00:32:47
PG01521,P038,T005,2026-07-01T15:02:18
PG01522,P038,T004,2026-06-24T07:23:05
PG01523,P038,T004,2026-06-03T06:26:49
PG01524,P038,T008,2026-06-28T22:27:59
PG01525,P039,T012,2026-06-11T16:39:31
PG01526,P039,T004,2026-06-14T14:44:26
PG01527,P039,T001,2026-06-20T13:50:56
PG01528,P039,T012,2026-06-11T14:21:02
PG01529,P039,T010,2026-07-01T20:49:24
PG01530,P039,T010,2026-06-18T19:07:23
PG01531,P039,T011,2026-06-29T01:24:07
PG01532,P039,T009,2026-06-04T16:26:33
PG01533,P039,T008,2026-06-27T01:32:39
PG01534,P039,T004,2026-06-17T19:34:59
PG01535,P039,T007,2026-06-24T01:25:44
PG01536,P039,T009,2026-06-13T18:47:29
PG01537,P039,T011,2026-07-01T01:47:41
PG01538,P039,T004,2026-06-10T16:00:13
PG01539,P039,T007,2026-06-29T11:05:18
PG01540,P039,T005,2026-06-15T06:03:41
PG01541,P039,T007,2026-06-10T22:19:24
PG01542,P039,T001,2026-06-23T18:49:20
PG01543,P039,T003,2026-06-15T23:31:25
PG01544,P039,T008,2026-06-03T18:13:42
PG01545,P039,T002,2026-06-06T21:18:55
PG01546,P039,T012,2026-06-18T04:55:34
PG01547,P039,T007,2026-06-14T11:46:36
PG01548,P039,T008,2026-06-01T06:30:45
PG01549,P039,T008,2026-06-19T07:21:07
PG01550,P039,T008,2026-06-03T09:06:18
PG01551,P039,T006,2026-06-23T23:36:50
PG01552,P039,T012,2026-06-26T05:58:15
PG01553,P039,T012,2026-06-24T04:29:53
PG01554,P039,T002,2026-06-04T16:21:43
PG01555,P039,T011,2026-06-12T03:06:21
PG01556,P039,T009,2026-06-23T13:59:03
PG01557,P039,T012,2026-06-26T18:37:45
PG01558,P039,T010,2026-07-01T05:49:18
PG01559,P039,T007,2026-06-18T13:51:26
PG01560,P039,T001,2026-06-25T06:13:18
PG01561,P039,T006,2026-06-19T05:27:52
PG01562,P039,T003,2026-06-28T05:15:53
PG01563,P039,T003,2026-06-25T01:52:05
PG01564,P039,T007,2026-06-10T11:16:09
PG01565,P039,T012,2026-06-25T16:14:51
PG01566,P039,T005,2026-06-21T06:34:44
PG01567,P039,T002,2026-06-29T04:47:25
PG01568,P039,T004,2026-06-01T22:40:00
PG01569,P039,T005,2026-06-01T16:41:55
PG01570,P039,T008,2026-06-28T18:09:18
PG01571,P039,T009,2026-06-26T00:12:33
PG01572,P039,T010,2026-06-29T17:57:59
PG01573,P039,T004,2026-06-07T21:26:23
PG01574,P039,T011,2026-06-16T16:31:12
PG01575,P039,T007,2026-06-15T02:53:27
PG01576,P040,T010,2026-06-01T08:54:35
PG01577,P040,T009,2026-06-09T22:33:53
PG01578,P040,T011,2026-06-18T07:33:35
PG01579,P040,T001,2026-06-06T05:23:52
PG01580,P040,T001,2026-06-21T12:42:26
PG01581,P040,T001,2026-06-05T01:10:50
PG01582,P040,T011,2026-06-19T21:57:53
PG01583,P040,T005,2026-06-11T03:11:35
PG01584,P040,T001,2026-06-04T15:10:51
PG01585,P040,T003,2026-06-06T10:21:14
PG01586,P040,T010,2026-06-22T21:39:43
PG01587,P040,T010,2026-06-26T20:28:05
PG01588,P040,T003,2026-07-01T16:34:42
PG01589,P040,T012,2026-06-19T13:06:50
PG01590,P040,T001,2026-06-03T10:53:49
PG01591,P040,T006,2026-06-12T13:47:48
PG01592,P040,T002,2026-06-25T15:33:30
PG01593,P040,T009,2026-06-03T10:39:42
PG01594,P040,T008,2026-06-05T04:26:33
PG01595,P040,T012,2026-06-28T09:59:28
PG01596,P040,T006,2026-06-17T15:03:52
PG01597,P040,T009,2026-06-07T07:36:40
PG01598,P040,T010,2026-06-02T03:58:46
PG01599,P040,T010,2026-06-24T22:54:01
PG01600,P040,T009,2026-06-03T17:36:34
PG01601,P040,T012,2026-06-23T22:01:09
PG01602,P040,T012,2026-06-10T15:32:54
PG01603,P040,T010,2026-06-28T11:31:22
PG01604,P040,T005,2026-06-17T20:56:25
PG01605,P040,T010,2026-06-12T04:43:21
PG01606,P040,T010,2026-06-19T18:04:23
PG01607,P040,T009,2026-06-24T23:00:18
PG01608,P040,T008,2026-06-16T06:33:00
PG01609,P040,T010,2026-06-08T10:34:34
PG01610,P040,T004,2026-06-01T04:18:13
PG01611,P040,T001,2026-06-15T22:46:20
PG01612,P040,T002,2026-06-24T07:32:55
PG01613,P040,T010,2026-06-14T15:04:29
PG01614,P040,T001,2026-06-11T12:43:49
PG01615,P040,T009,2026-06-26T23:12:38
PG01616,P040,T004,2026-06-01T23:19:27
PG01617,P040,T004,2026-06-23T10:15:13
PG01618,P040,T005,2026-06-26T02:28:11
PG01619,P040,T005,2026-06-10T18:26:52
PG01620,P040,T009,2026-06-11T00:13:23
PG01621,P040,T002,2026-06-22T12:08:04
PG01622,P040,T006,2026-06-13T20:42:49
PG01623,P040,T010,2026-07-01T01:03:36
PG01624,P040,T003,2026-06-07T12:02:01
PG01625,P040,T006,2026-06-30T17:26:37
PG01626,P040,T008,2026-06-26T01:17:40
PG01627,P040,T011,2026-06-05T17:31:50
PG01628,P040,T003,2026-06-21T16:46:14
PG01629,P040,T009,2026-06-29T12:12:03
PG01630,P040,T008,2026-06-26T15:04:17
PG01631,P040,T012,2026-06-02T18:58:18
PG01632,P040,T005,2026-06-19T11:29:13
PG01633,P040,T009,2026-06-18T00:40:53
PG01634,P_BURNER_01,T010,2026-06-22T12:04:39
PG01635,P_BURNER_01,T006,2026-06-03T05:26:09
PG01636,P_BURNER_01,T005,2026-06-27T01:08:05
PG01637,P_BURNER_01,T006,2026-06-13T22:48:38
PG01638,P_BURNER_01,T009,2026-06-27T06:02:33
PG01639,P_BURNER_01,T010,2026-06-20T14:11:01
PG01640,P_BURNER_01,T003,2026-06-20T04:15:15
PG01641,P_BURNER_01,T005,2026-06-23T11:27:02
PG01642,P_BURNER_01,T012,2026-06-02T09:53:05
PG01643,P_BURNER_01,T007,2026-06-03T18:05:49
PG01644,P_BURNER_01,T004,2026-06-12T16:27:12
PG01645,P_BURNER_01,T005,2026-06-07T19:07:05
PG01646,P_BURNER_01,T005,2026-06-06T04:05:10
PG01647,P_BURNER_01,T006,2026-06-26T01:21:41
PG01648,P_BURNER_01,T004,2026-06-30T03:22:17
PG01649,P_BURNER_01,T008,2026-06-17T00:54:28
PG01650,P_BURNER_01,T008,2026-06-29T18:12:23
PG01651,P_BURNER_01,T003,2026-06-07T12:22:59
PG01652,P_BURNER_01,T008,2026-06-24T19:03:52
PG01653,P_BURNER_01,T005,2026-06-25T11:55:04
PG01654,P_BURNER_01,T003,2026-06-25T03:34:38
PG01655,P_BURNER_01,T009,2026-06-22T04:49:55
PG01656,P_BURNER_01,T004,2026-06-24T01:19:51
PG01657,P_BURNER_01,T008,2026-06-13T19:01:04
PG01658,P_BURNER_01,T002,2026-06-01T11:19:20
PG01659,P_BURNER_01,T001,2026-06-22T21:38:14
PG01660,P_BURNER_01,T002,2026-06-11T16:59:54
PG01661,P_BURNER_01,T001,2026-06-04T18:57:13
PG01662,P_BURNER_01,T011,2026-06-24T11:22:37
PG01663,P_BURNER_01,T001,2026-06-19T11:21:53
PG01664,P_BURNER_01,T011,2026-06-29T07:38:24
PG01665,P_BURNER_01,T006,2026-06-07T07:00:37
PG01666,P_BURNER_01,T005,2026-06-09T19:22:46
PG01667,P001,T006,2026-06-25T14:21:00
PG01668,P036,T006,2026-06-25T14:03:00
PG01669,P011,T006,2026-06-25T14:08:00
PG01670,P027,T006,2026-06-25T14:04:00
PG01671,P_BURNER_01,T006,2026-06-25T14:05:00
